"","library_sample_code","parental_sample_code","double_sample","mothur_analysis_double_sample","sheet_number","library_identity","pop","sample_label","SampleID","population","sample_type","month","year","collection_date","day","method","salinity","pH","temperature","season","timepoint","year_timepoint","season_timepoint","unique_timepoint","otu_read_count_before_rarification"
"1","X02XNOR2X140220","X02XNOR2X140220","no","in",231,"1_CM","nor","2","nor2","Nordstrand","alga","February",2020,"14.02.20",45,"precipitation",24,7.78,NA,"winter","t1","year3","winter_year3","t1_year3",16656
"2","X03XNOR3X140220","X03XNOR3X140220","no","in",232,"1_CM","nor","3","nor3","Nordstrand","alga","February",2020,"14.02.20",45,"precipitation",24,7.78,NA,"winter","t1","year3","winter_year3","t1_year3",3971
"3","X04XNOR4X140220","X04XNOR4X140220","no","in",233,"1_CM","nor","4","nor4","Nordstrand","alga","February",2020,"14.02.20",45,"precipitation",24,7.78,NA,"winter","t1","year3","winter_year3","t1_year3",119697
"4","X05XNOR5X140220","X05XNOR5X140220","no","in",234,"1_CM","nor","5","nor5","Nordstrand","alga","February",2020,"14.02.20",45,"precipitation",24,7.78,NA,"winter","t1","year3","winter_year3","t1_year3",29016
"5","X06XNOR6X140220","X06XNOR6X140220","no","in",235,"1_CM","nor","6","nor6","Nordstrand","alga","February",2020,"14.02.20",45,"precipitation",24,7.78,NA,"winter","t1","year3","winter_year3","t1_year3",60486
"6","X07XNORS1X140220","X07XNORS1X140220","no","in",236,"1_CM","nor","s1","nors1","Nordstrand","sediment","February",2020,"14.02.20",45,"precipitation",24,7.78,NA,"winter","t1","year3","winter_year3","t1_year3",18939
"7","X101XNOR1X060121","X101XNOR1X060121","no","in",330,"1_CM","nor","1","nor1","Nordstrand","alga","January",2021,"06.01.21",6,"precipitation",24.3,7.85,NA,"winter","t6","year3","winter_year3","t6_year3",89158
"8","X102XNOR2X060121","X102XNOR2X060121","no","in",331,"1_CM","nor","2","nor2","Nordstrand","alga","January",2021,"06.01.21",6,"precipitation",24.3,7.85,NA,"winter","t6","year3","winter_year3","t6_year3",96121
"9","X103XNOR3X060121","X103XNOR3X060121","no","in",332,"1_CM","nor","3","nor3","Nordstrand","alga","January",2021,"06.01.21",6,"precipitation",24.3,7.85,NA,"winter","t6","year3","winter_year3","t6_year3",86556
"10","X104XNOR4X060121","X104XNOR4X060121","no","in",333,"1_CM","nor","4","nor4","Nordstrand","alga","January",2021,"06.01.21",6,"precipitation",24.3,7.85,NA,"winter","t6","year3","winter_year3","t6_year3",31383
"11","X105XNOR5X060121","X105XNOR5X060121","no","in",334,"1_CM","nor","5","nor5","Nordstrand","alga","January",2021,"06.01.21",6,"precipitation",24.3,7.85,NA,"winter","t6","year3","winter_year3","t6_year3",46604
"12","X106XNORS1X060121","X106XNORS1X060121","no","in",335,"1_CM","nor","s1","nors1","Nordstrand","sediment","January",2021,"06.01.21",6,"precipitation",24.3,7.85,NA,"winter","t6","year3","winter_year3","t6_year3",9762
"13","X107XNORS2X060121","X107XNORS2X060121","no","in",336,"1_CM","nor","s2","nors2","Nordstrand","sediment","January",2021,"06.01.21",6,"precipitation",24.3,7.85,NA,"winter","t6","year3","winter_year3","t6_year3",44631
"14","X111XHEI1X080121","X111XHEI1X080121","no","in",340,"1_CM","hei","1","hei1","Heiligenhafen","alga","January",2021,"08.01.21",8,"precipitation",16.4,7.62,NA,"winter","t6","year3","winter_year3","t6_year3",74406
"15","X112XHEI2X080121","X112XHEI2X080121","no","in",341,"1_CM","hei","2","hei2","Heiligenhafen","alga","January",2021,"08.01.21",8,"precipitation",16.4,7.62,NA,"winter","t6","year3","winter_year3","t6_year3",118148
"16","X113XHEI3X080121","X113XHEI3X080121","no","in",342,"1_CM","hei","3","hei3","Heiligenhafen","alga","January",2021,"08.01.21",8,"precipitation",16.4,7.62,NA,"winter","t6","year3","winter_year3","t6_year3",142074
"17","X114XHEI4X080121","X114XHEI4X080121","no","in",343,"1_CM","hei","4","hei4","Heiligenhafen","alga","January",2021,"08.01.21",8,"precipitation",16.4,7.62,NA,"winter","t6","year3","winter_year3","t6_year3",187792
"18","X115XHEI5X080121","X115XHEI5X080121","no","in",344,"1_CM","hei","5","hei5","Heiligenhafen","alga","January",2021,"08.01.21",8,"precipitation",16.4,7.62,NA,"winter","t6","year3","winter_year3","t6_year3",114356
"19","X116XHEIS1X080121","X116XHEIS1X080121","no","in",345,"1_CM","hei","s1","heis1","Heiligenhafen","sediment","January",2021,"08.01.21",8,"precipitation",16.4,7.62,NA,"winter","t6","year3","winter_year3","t6_year3",52110
"20","X117XHEIS2X080121","X117XHEIS2X080121","no","in",346,"1_CM","hei","s2","heis2","Heiligenhafen","sediment","January",2021,"08.01.21",8,"precipitation",16.4,7.62,NA,"winter","t6","year3","winter_year3","t6_year3",63485
"21","X16XHEI6X180220","X16XHEI6X180220","no","in",245,"1_CM","hei","6","hei6","Heiligenhafen","alga","February",2020,"18.02.20",49,"precipitation",17,7.69,NA,"winter","t1","year3","winter_year3","t1_year3",28438
"22","X17XHEI7X180220","X17XHEI7X180220","no","in",246,"1_CM","hei","7","hei7","Heiligenhafen","alga","February",2020,"18.02.20",49,"precipitation",17,7.69,NA,"winter","t1","year3","winter_year3","t1_year3",91078
"23","X18XHEI8X180220","X18XHEI8X180220","no","in",247,"1_CM","hei","8","hei8","Heiligenhafen","alga","February",2020,"18.02.20",49,"precipitation",17,7.69,NA,"winter","t1","year3","winter_year3","t1_year3",2519
"24","X20XHEI10X180220","X20XHEI10X180220","no","in",249,"1_CM","hei","10","hei10","Heiligenhafen","alga","February",2020,"18.02.20",49,"precipitation",17,7.69,NA,"winter","t1","year3","winter_year3","t1_year3",47581
"25","X26XHEI1X300420","X26XHEI1X300420","no","in",255,"1_CM","hei","1","hei1","Heiligenhafen","alga","April",2020,"30.04.20",121,"precipitation",12,7.7,NA,"spring","t2","year3","spring_year3","t2_year3",50738
"26","X27XHEI2X300420","X27XHEI2X300420","no","in",256,"1_CM","hei","2","hei2","Heiligenhafen","alga","April",2020,"30.04.20",121,"precipitation",12,7.7,NA,"spring","t2","year3","spring_year3","t2_year3",37410
"27","X28XHEIS1X300420","X28XHEIS1X300420","no","in",257,"1_CM","hei","s1","heis1","Heiligenhafen","sediment","April",2020,"30.04.20",121,"precipitation",12,7.7,NA,"spring","t2","year3","spring_year3","t2_year3",1928
"28","X29XHEIS2X300420","X29XHEIS2X300420","no","in",258,"1_CM","hei","s2","heis2","Heiligenhafen","sediment","April",2020,"30.04.20",121,"precipitation",12,7.7,NA,"spring","t2","year3","spring_year3","t2_year3",160765
"29","X32XNOR1X300420","X32XNOR1X300420","no","in",261,"1_CM","nor","1","nor1","Nordstrand","alga","April",2020,"30.04.20",121,"precipitation",27,8.25,NA,"spring","t2","year3","spring_year3","t2_year3",3818
"30","X33XNOR2X300420","X33XNOR2X300420","no","in",262,"1_CM","nor","2","nor2","Nordstrand","alga","April",2020,"30.04.20",121,"precipitation",27,8.25,NA,"spring","t2","year3","spring_year3","t2_year3",112153
"31","X34XNOR3X300420","X34XNOR3X300420","no","in",263,"1_CM","nor","3","nor3","Nordstrand","alga","April",2020,"30.04.20",121,"precipitation",27,8.25,NA,"spring","t2","year3","spring_year3","t2_year3",92949
"32","X35XNOR4X300420","X35XNOR4X300420","no","in",264,"1_CM","nor","4","nor4","Nordstrand","alga","April",2020,"30.04.20",121,"precipitation",27,8.25,NA,"spring","t2","year3","spring_year3","t2_year3",210952
"33","X36XNOR5X300420","X36XNOR5X300420","no","in",265,"1_CM","nor","5","nor5","Nordstrand","alga","April",2020,"30.04.20",121,"precipitation",27,8.25,NA,"spring","t2","year3","spring_year3","t2_year3",170006
"34","X37XNORS1X300420","X37XNORS1X300420","no","in",266,"1_CM","nor","s1","nors1","Nordstrand","sediment","April",2020,"30.04.20",121,"precipitation",27,8.25,NA,"spring","t2","year3","spring_year3","t2_year3",9063
"35","X38XNORS2X300420","X38XNORS2X300420","no","in",267,"1_CM","nor","s2","nors2","Nordstrand","sediment","April",2020,"30.04.20",121,"precipitation",27,8.25,NA,"spring","t2","year3","spring_year3","t2_year3",87513
"36","X42XHEI1X300620","X42XHEI1X300620","no","in",271,"1_CM","hei","1","hei1","Heiligenhafen","alga","June",2020,"30.06.20",182,"precipitation",11,7.95,NA,"summer","t3","year3","summer_year3","t3_year3",75715
"37","X43XHEI2X300620","X43XHEI2X300620","no","in",272,"1_CM","hei","2","hei2","Heiligenhafen","alga","June",2020,"30.06.20",182,"precipitation",11,7.95,NA,"summer","t3","year3","summer_year3","t3_year3",113797
"38","X44XHEI3X300620","X44XHEI3X300620","no","in",273,"1_CM","hei","3","hei3","Heiligenhafen","alga","June",2020,"30.06.20",182,"precipitation",11,7.95,NA,"summer","t3","year3","summer_year3","t3_year3",84713
"39","X45XHEI4X300620","X45XHEI4X300620","no","in",274,"1_CM","hei","4","hei4","Heiligenhafen","alga","June",2020,"30.06.20",182,"precipitation",11,7.95,NA,"summer","t3","year3","summer_year3","t3_year3",58360
"40","X46XHEI5X300620","X46XHEI5X300620","no","in",275,"1_CM","hei","5","hei5","Heiligenhafen","alga","June",2020,"30.06.20",182,"precipitation",11,7.95,NA,"summer","t3","year3","summer_year3","t3_year3",93496
"41","X47XHEIS1X030720","X47XHEIS1X030720","no","in",276,"1_CM","hei","s1","heis1","Heiligenhafen","sediment","June",2020,"30.06.20",182,"precipitation",11,7.95,NA,"summer","t3","year3","summer_year3","t3_year3",116636
"42","X48XHEIS2X030720","X48XHEIS2X030720","no","in",277,"1_CM","hei","s2","heis2","Heiligenhafen","sediment","June",2020,"30.06.20",182,"precipitation",11,7.95,NA,"summer","t3","year3","summer_year3","t3_year3",56918
"43","X49XHEIW1X310620","X49XHEIW1X310620","no","in",278,"1_CM","hei","w1","heiw1","Heiligenhafen","water","June",2020,"30.06.20",182,"precipitation",11,7.95,NA,"summer","t3","year3","summer_year3","t3_year3",24073
"44","X51XNOR1X300620","X51XNOR1X300620","no","in",280,"1_CM","nor","1","nor1","Nordstrand","alga","June",2020,"30.06.20",182,"precipitation",30,7.89,NA,"summer","t3","year3","summer_year3","t3_year3",27790
"45","X52XNOR2X310620","X52XNOR2X310620","no","in",281,"1_CM","nor","2","nor2","Nordstrand","alga","June",2020,"30.06.20",182,"precipitation",30,7.89,NA,"summer","t3","year3","summer_year3","t3_year3",26306
"46","X53XNOR3X310620","X53XNOR3X310620","no","in",282,"1_CM","nor","3","nor3","Nordstrand","alga","June",2020,"30.06.20",182,"precipitation",30,7.89,NA,"summer","t3","year3","summer_year3","t3_year3",88495
"47","X54XNOR4X310620","X54XNOR4X310620","no","in",283,"1_CM","nor","4","nor4","Nordstrand","alga","June",2020,"30.06.20",182,"precipitation",30,7.89,NA,"summer","t3","year3","summer_year3","t3_year3",151826
"48","X55XNOR5X310620","X55XNOR5X310620","no","in",284,"1_CM","nor","5","nor5","Nordstrand","alga","June",2020,"30.06.20",182,"precipitation",30,7.89,NA,"summer","t3","year3","summer_year3","t3_year3",41994
"49","X56XNORS1X030720","X56XNORS1X030720","no","in",285,"1_CM","nor","s1","nors1","Nordstrand","sediment","June",2020,"30.06.20",182,"precipitation",30,7.89,NA,"summer","t3","year3","summer_year3","t3_year3",87094
"50","X57XNORS2X030720","X57XNORS2X030720","no","in",286,"1_CM","nor","s2","nors2","Nordstrand","sediment","June",2020,"30.06.20",182,"precipitation",30,7.89,NA,"summer","t3","year3","summer_year3","t3_year3",128860
"51","X59XNORW2X310620","X59XNORW2X310620","no","in",288,"1_CM","nor","w2","norw2","Nordstrand","water","June",2020,"30.06.20",182,"precipitation",30,7.89,NA,"summer","t3","year3","summer_year3","t3_year3",39413
"52","X61XNOR1X220920","X61XNOR1X220920","no","in",290,"1_CM","nor","1","nor1","Nordstrand","alga","September",2020,"22.09.20",266,"precipitation",31.5,7.85,NA,"autumn","t4","year3","autumn_year3","t4_year3",262321
"53","X62XNOR2X220920","X62XNOR2X220920","no","in",291,"1_CM","nor","2","nor2","Nordstrand","alga","September",2020,"22.09.20",266,"precipitation",31.5,7.85,NA,"autumn","t4","year3","autumn_year3","t4_year3",113920
"54","X63XNOR3X220920","X63XNOR3X220920","no","in",292,"1_CM","nor","3","nor3","Nordstrand","alga","September",2020,"22.09.20",266,"precipitation",31.5,7.85,NA,"autumn","t4","year3","autumn_year3","t4_year3",318290
"55","X64XNOR4X220920","X64XNOR4X220920","no","in",293,"1_CM","nor","4","nor4","Nordstrand","alga","September",2020,"22.09.20",266,"precipitation",31.5,7.85,NA,"autumn","t4","year3","autumn_year3","t4_year3",213736
"56","X65XNOR5X220920","X65XNOR5X220920","no","in",294,"1_CM","nor","5","nor5","Nordstrand","alga","September",2020,"22.09.20",266,"precipitation",31.5,7.85,NA,"autumn","t4","year3","autumn_year3","t4_year3",123069
"57","X66XNORS1X220920","X66XNORS1X220920","no","in",295,"1_CM","nor","s1","nors1","Nordstrand","sediment","September",2020,"22.09.20",266,"precipitation",31.5,7.85,NA,"autumn","t4","year3","autumn_year3","t4_year3",173335
"58","X67XNORS2X220920","X67XNORS2X220920","no","in",296,"1_CM","nor","s2","nors2","Nordstrand","sediment","September",2020,"22.09.20",266,"precipitation",31.5,7.85,NA,"autumn","t4","year3","autumn_year3","t4_year3",61465
"59","X68XNORW1X220920","X68XNORW1X220920","no","in",297,"1_CM","nor","w1","norw1","Nordstrand","water","September",2020,"22.09.20",266,"precipitation",31.5,7.85,NA,"autumn","t4","year3","autumn_year3","t4_year3",16413
"60","X71XHEI1X021020","X71XHEI1X021020","no","in",300,"1_CM","hei","1","hei1","Heiligenhafen","alga","October",2020,"02.10.20",276,"precipitation",15,7.14,NA,"autumn","t4","year3","autumn_year3","t4_year3",136214
"61","X72XHEI2X021020","X72XHEI2X021020","no","in",301,"1_CM","hei","2","hei2","Heiligenhafen","alga","October",2020,"02.10.20",276,"precipitation",15,7.14,NA,"autumn","t4","year3","autumn_year3","t4_year3",234091
"62","X73XHEI3X021020","X73XHEI3X021020","no","in",302,"1_CM","hei","3","hei3","Heiligenhafen","alga","October",2020,"02.10.20",276,"precipitation",15,7.14,NA,"autumn","t4","year3","autumn_year3","t4_year3",194049
"63","X74XHEI4X021020","X74XHEI4X021020","no","in",303,"1_CM","hei","4","hei4","Heiligenhafen","alga","October",2020,"02.10.20",276,"precipitation",15,7.14,NA,"autumn","t4","year3","autumn_year3","t4_year3",31356
"64","X75XHEI5X021020","X75XHEI5X021020","no","in",304,"1_CM","hei","5","hei5","Heiligenhafen","alga","October",2020,"02.10.20",276,"precipitation",15,7.14,NA,"autumn","t4","year3","autumn_year3","t4_year3",224442
"65","X76XHEIS1X021020","X76XHEIS1X021020","no","in",305,"1_CM","hei","s1","heis1","Heiligenhafen","sediment","October",2020,"02.10.20",276,"precipitation",15,7.14,NA,"autumn","t4","year3","autumn_year3","t4_year3",105205
"66","X77XHEIS2X021020","X77XHEIS2X021020","no","in",306,"1_CM","hei","s2","heis2","Heiligenhafen","sediment","October",2020,"02.10.20",276,"precipitation",15,7.14,NA,"autumn","t4","year3","autumn_year3","t4_year3",72654
"67","X81XNOR1X191120","X81XNOR1X191120","no","in",310,"1_CM","nor","1","nor1","Nordstrand","alga","November",2020,"19.11.20",324,"precipitation",26.7,8.1,NA,"autumn","t5","year3","autumn_year3","t5_year3",97578
"68","X82XNOR2X191120","X82XNOR2X191120","no","in",311,"1_CM","nor","2","nor2","Nordstrand","alga","November",2020,"19.11.20",324,"precipitation",26.7,8.1,NA,"autumn","t5","year3","autumn_year3","t5_year3",168730
"69","X83XNOR3X191120","X83XNOR3X191120","no","in",312,"1_CM","nor","3","nor3","Nordstrand","alga","November",2020,"19.11.20",324,"precipitation",26.7,8.1,NA,"autumn","t5","year3","autumn_year3","t5_year3",17252
"70","X84XNOR4X191120","X84XNOR4X191120","no","in",313,"1_CM","nor","4","nor4","Nordstrand","alga","November",2020,"19.11.20",324,"precipitation",26.7,8.1,NA,"autumn","t5","year3","autumn_year3","t5_year3",28628
"71","X85XNOR5X191120","X85XNOR5X191120","no","in",314,"1_CM","nor","5","nor5","Nordstrand","alga","November",2020,"19.11.20",324,"precipitation",26.7,8.1,NA,"autumn","t5","year3","autumn_year3","t5_year3",151240
"72","X86XNORS1X191120","X86XNORS1X191120","no","in",315,"1_CM","nor","s1","nors1","Nordstrand","sediment","November",2020,"19.11.20",324,"precipitation",26.7,8.1,NA,"autumn","t5","year3","autumn_year3","t5_year3",6578
"73","X87XNORS2X191120","X87XNORS2X191120","no","in",316,"1_CM","nor","s2","nors2","Nordstrand","sediment","November",2020,"19.11.20",324,"precipitation",26.7,8.1,NA,"autumn","t5","year3","autumn_year3","t5_year3",15670
"74","X91XHEI1X271120","X91XHEI1X271120","no","in",320,"1_CM","hei","1","hei1","Heiligenhafen","alga","November",2020,"27.11.20",332,"precipitation",17.1,7.23,NA,"autumn","t5","year3","autumn_year3","t5_year3",80251
"75","X92XHEI2X271120","X92XHEI2X271120","no","in",321,"1_CM","hei","2","hei2","Heiligenhafen","alga","November",2020,"27.11.20",332,"precipitation",17.1,7.23,NA,"autumn","t5","year3","autumn_year3","t5_year3",76362
"76","X93XHEI3X271120","X93XHEI3X271120","no","in",322,"1_CM","hei","3","hei3","Heiligenhafen","alga","November",2020,"27.11.20",332,"precipitation",17.1,7.23,NA,"autumn","t5","year3","autumn_year3","t5_year3",6866
"77","X94XHEI4X271120","X94XHEI4X271120","no","in",323,"1_CM","hei","4","hei4","Heiligenhafen","alga","November",2020,"27.11.20",332,"precipitation",17.1,7.23,NA,"autumn","t5","year3","autumn_year3","t5_year3",2878
"78","X95XHEI5X271120","X95XHEI5X271120","no","in",324,"1_CM","hei","5","hei5","Heiligenhafen","alga","November",2020,"27.11.20",332,"precipitation",17.1,7.23,NA,"autumn","t5","year3","autumn_year3","t5_year3",111854
"79","X96XHEIS1X271120","X96XHEIS1X271120","no","in",325,"1_CM","hei","s1","heis1","Heiligenhafen","sediment","November",2020,"27.11.20",332,"precipitation",17.1,7.23,NA,"autumn","t5","year3","autumn_year3","t5_year3",15370
"80","X97XHEIS2X271120","X97XHEIS2X271120","no","in",326,"1_CM","hei","s2","heis2","Heiligenhafen","sediment","November",2020,"27.11.20",332,"precipitation",17.1,7.23,NA,"autumn","t5","year3","autumn_year3","t5_year3",70369
"81","X98XHEIW1X271120","X98XHEIW1X271120","no","in",327,"1_CM","hei","w1","heiw1","Heiligenhafen","water","November",2020,"27.11.20",332,"precipitation",17.1,7.23,NA,"autumn","t5","year3","autumn_year3","t5_year3",2403
"82","X99XHEIW2X271120","X99XHEIW2X271120","no","in",328,"1_CM","hei","w2","heiw2","Heiligenhafen","water","November",2020,"27.11.20",332,"precipitation",17.1,7.23,NA,"autumn","t5","year3","autumn_year3","t5_year3",12420
"83","AHFDT3X49","AHFDT3X49","no","in",48,"1_MG","hei","1","hei1","Heiligenhafen","alga","June",2018,"28.06.18",179,"filtering",12,5.3,NA,"summer","t3","year1","summer_year1","t3_year1",41209
"84","AHFDT3X53","AHFDT3X53","no","in",52,"1_MG","hei","10","hei10","Heiligenhafen","alga","June",2018,"28.06.18",179,"filtering",12,5.3,NA,"summer","t3","year1","summer_year1","t3_year1",2098
"85","AHFNAT5X79","AHFNAT5X79","no","in",78,"1_MG","hei","1","hei1","Heiligenhafen","alga","October",2018,"15.10.18",288,"filtering",18,NA,NA,"autumn","t5","year1","autumn_year1","t5_year1",8073
"86","AHFNAT5X80","AHFNAT5X80","no","in",79,"1_MG","hei","2","hei2","Heiligenhafen","alga","October",2018,"15.10.18",288,"filtering",18,NA,NA,"autumn","t5","year1","autumn_year1","t5_year1",7897
"87","AHFNAT5X81","AHFNAT5X81","no","in",80,"1_MG","hei","3","hei3","Heiligenhafen","alga","October",2018,"15.10.18",288,"filtering",18,NA,NA,"autumn","t5","year1","autumn_year1","t5_year1",78322
"88","AHFNAT5X82","AHFNAT5X82","no","in",81,"1_MG","hei","4","hei4","Heiligenhafen","alga","October",2018,"15.10.18",288,"filtering",18,NA,NA,"autumn","t5","year1","autumn_year1","t5_year1",45686
"89","AHFNAT5X83","AHFNAT5X83","no","in",82,"1_MG","hei","5","hei5","Heiligenhafen","alga","October",2018,"15.10.18",288,"filtering",18,NA,NA,"autumn","t5","year1","autumn_year1","t5_year1",4707
"90","AHFNAT6X100","AHFNAT6X100","no","in",101,"1_MG","hei","2","hei2","Heiligenhafen","alga","December",2018,"11.12.18",345,"filtering",16,8,NA,"winter","t6","year1","winter_year1","t6_year1",94833
"91","AHFNAT6X101","AHFNAT6X101","no","in",102,"1_MG","hei","3","hei3","Heiligenhafen","alga","December",2018,"11.12.18",345,"filtering",16,8,NA,"winter","t6","year1","winter_year1","t6_year1",51562
"92","AHFNAT6X102","AHFNAT6X102","no","in",103,"1_MG","hei","4","hei4","Heiligenhafen","alga","December",2018,"11.12.18",345,"filtering",16,8,NA,"winter","t6","year1","winter_year1","t6_year1",37764
"93","AHFNAT6X103","AHFNAT6X103","no","in",104,"1_MG","hei","5","hei5","Heiligenhafen","alga","December",2018,"11.12.18",345,"filtering",16,8,NA,"winter","t6","year1","winter_year1","t6_year1",129337
"94","AHFNAT6X99","AHFNAT6X99","no","in",100,"1_MG","hei","1","hei1","Heiligenhafen","alga","December",2018,"11.12.18",345,"filtering",16,8,NA,"winter","t6","year1","winter_year1","t6_year1",8695
"95","AHFVT1X1","AHFVT1X1","no","in",1,"1_MG","hei","1","hei1","Heiligenhafen","alga","February",2018,"06.02.18",37,"filtering",14,7.9,NA,"winter","t1","year1","winter_year1","t1_year1",7825
"96","AHFVT1X2","AHFVT1X2","no","in",2,"1_MG","hei","2","hei2","Heiligenhafen","alga","February",2018,"06.02.18",37,"filtering",14,7.9,NA,"winter","t1","year1","winter_year1","t1_year1",3729
"97","AHFVT1X3","AHFVT1X3","no","in",3,"1_MG","hei","3","hei3","Heiligenhafen","alga","February",2018,"06.02.18",37,"filtering",14,7.9,NA,"winter","t1","year1","winter_year1","t1_year1",2184
"98","AHFVT1X4","AHFVT1X4","no","in",4,"1_MG","hei","4","hei4","Heiligenhafen","alga","February",2018,"06.02.18",37,"filtering",14,7.9,NA,"winter","t1","year1","winter_year1","t1_year1",7885
"99","AHFVT1X5X2","AHFVT1X5X1","yes","in",364,"1_MG","hei","5","hei5","Heiligenhafen","alga","February",2018,"06.02.18",37,"filtering",14,7.9,NA,"winter","t1","year1","winter_year1","t1_year1",21965
"100","AHFVT2X29","AHFVT2X29","no","in",29,"1_MG","hei","1","hei1","Heiligenhafen","alga","April",2018,"25.04.18",115,"filtering",11,8.42,NA,"spring","t2","year1","spring_year1","t2_year1",48647
"101","AHFVT2X30","AHFVT2X30","no","in",30,"1_MG","hei","2","hei2","Heiligenhafen","alga","April",2018,"25.04.18",115,"filtering",11,8.42,NA,"spring","t2","year1","spring_year1","t2_year1",24742
"102","AHFVT2X31","AHFVT2X31","no","in",31,"1_MG","hei","3","hei3","Heiligenhafen","alga","April",2018,"25.04.18",115,"filtering",11,8.42,NA,"spring","t2","year1","spring_year1","t2_year1",5513
"103","AHFVT2X32","AHFVT2X32","no","in",32,"1_MG","hei","4","hei4","Heiligenhafen","alga","April",2018,"25.04.18",115,"filtering",11,8.42,NA,"spring","t2","year1","spring_year1","t2_year1",1631
"104","AHFVT2X33","AHFVT2X33","no","in",33,"1_MG","hei","5","hei5","Heiligenhafen","alga","April",2018,"25.04.18",115,"filtering",11,8.42,NA,"spring","t2","year1","spring_year1","t2_year1",14846
"105","AHFVT3X50","AHFVT3X50","no","in",49,"1_MG","hei","7","hei7","Heiligenhafen","alga","June",2018,"28.06.18",179,"filtering",12,5.3,NA,"summer","t3","year1","summer_year1","t3_year1",12202
"106","AHFVT3X51","AHFVT3X51","no","in",50,"1_MG","hei","8","hei8","Heiligenhafen","alga","June",2018,"28.06.18",179,"filtering",12,5.3,NA,"summer","t3","year1","summer_year1","t3_year1",5870
"107","AHFVT3X52","AHFVT3X52","no","in",51,"1_MG","hei","9","hei9","Heiligenhafen","alga","June",2018,"28.06.18",179,"filtering",12,5.3,NA,"summer","t3","year1","summer_year1","t3_year1",55623
"108","AHFVT4X59","AHFVT4X59","no","in",58,"1_MG","hei","1","hei1","Heiligenhafen","alga","August",2018,"23.08.18",235,"filtering",12,9,NA,"summer","t4","year1","summer_year1","t4_year1",3951
"109","AHFVT4X61","AHFVT4X61","no","in",60,"1_MG","hei","3","hei3","Heiligenhafen","alga","August",2018,"23.08.18",235,"filtering",12,9,NA,"summer","t4","year1","summer_year1","t4_year1",16402
"110","AHFVT4X62","AHFVT4X62","no","in",61,"1_MG","hei","4","hei4","Heiligenhafen","alga","August",2018,"23.08.18",235,"filtering",12,9,NA,"summer","t4","year1","summer_year1","t4_year1",43984
"111","AHFVT4X63","AHFVT4X63","no","in",62,"1_MG","hei","5","hei5","Heiligenhafen","alga","August",2018,"23.08.18",235,"filtering",12,9,NA,"summer","t4","year1","summer_year1","t4_year1",1476
"112","AHPNAT10X169","AHPNAT10X169","no","in",169,"1_MG","hei","1","hei1","Heiligenhafen","alga","September",2019,"04.09.19",247,"precipitation",14.8,8.4,NA,"autumn","t4","year2","autumn_year2","t4_year2",181602
"113","AHPNAT10X170","AHPNAT10X170","no","in",170,"1_MG","hei","2","hei2","Heiligenhafen","alga","September",2019,"04.09.19",247,"precipitation",14.8,8.4,NA,"autumn","t4","year2","autumn_year2","t4_year2",129239
"114","AHPNAT10X171","AHPNAT10X171","no","in",171,"1_MG","hei","3","hei3","Heiligenhafen","alga","September",2019,"04.09.19",247,"precipitation",14.8,8.4,NA,"autumn","t4","year2","autumn_year2","t4_year2",80045
"115","AHPNAT10X172","AHPNAT10X172","no","in",172,"1_MG","hei","4","hei4","Heiligenhafen","alga","September",2019,"04.09.19",247,"precipitation",14.8,8.4,NA,"autumn","t4","year2","autumn_year2","t4_year2",112554
"116","AHPNAT10X173","AHPNAT10X173","no","in",173,"1_MG","hei","5","hei5","Heiligenhafen","alga","September",2019,"04.09.19",247,"precipitation",14.8,8.4,NA,"autumn","t4","year2","autumn_year2","t4_year2",103859
"117","AHPNAT11X188X2","AHPNAT11X188X1","yes","in",400,"1_MG","hei","1","hei1","Heiligenhafen","alga","November",2019,"09.11.19",313,"precipitation",17,7.7,NA,"autumn","t5","year2","autumn_year2","t5_year2",30425
"118","AHPNAT11X189","AHPNAT11X189","no","in",189,"1_MG","hei","2","hei2","Heiligenhafen","alga","November",2019,"09.11.19",313,"precipitation",17,7.7,NA,"autumn","t5","year2","autumn_year2","t5_year2",115669
"119","AHPNAT11X190","AHPNAT11X190","no","in",190,"1_MG","hei","3","hei3","Heiligenhafen","alga","November",2019,"09.11.19",313,"precipitation",17,7.7,NA,"autumn","t5","year2","autumn_year2","t5_year2",92059
"120","AHPNAT11X191","AHPNAT11X191","no","in",191,"1_MG","hei","4","hei4","Heiligenhafen","alga","November",2019,"09.11.19",313,"precipitation",17,7.7,NA,"autumn","t5","year2","autumn_year2","t5_year2",26447
"121","AHPNAT11X192","AHPNAT11X192","no","in",192,"1_MG","hei","5","hei5","Heiligenhafen","alga","November",2019,"09.11.19",313,"precipitation",17,7.7,NA,"autumn","t5","year2","autumn_year2","t5_year2",104303
"122","AHPNAT12X216","AHPNAT12X216","no","in",218,"1_MG","hei","3","hei3","Heiligenhafen","alga","December",2019,"19.12.19",353,"precipitation",16.1,7.41,NA,"winter","t6","year2","winter_year2","t6_year2",26490
"123","AHPNAT12X217","AHPNAT12X217","no","in",219,"1_MG","hei","4","hei4","Heiligenhafen","alga","December",2019,"19.12.19",353,"precipitation",16.1,7.41,NA,"winter","t6","year2","winter_year2","t6_year2",19283
"124","AHPNAT12X218","AHPNAT12X218","no","in",220,"1_MG","hei","5","hei5","Heiligenhafen","alga","December",2019,"19.12.19",353,"precipitation",16.1,7.41,NA,"winter","t6","year2","winter_year2","t6_year2",10153
"125","AHPNAT7X116","AHPNAT7X116","no","in",117,"1_MG","hei","1","hei1","Heiligenhafen","alga","February",2019,"26.02.19",57,"precipitation",15.8,8.11,NA,"winter","t1","year2","winter_year2","t1_year2",52918
"126","AHPNAT7X117","AHPNAT7X117","no","in",118,"1_MG","hei","2","hei2","Heiligenhafen","alga","February",2019,"26.02.19",57,"precipitation",15.8,8.11,NA,"winter","t1","year2","winter_year2","t1_year2",14841
"127","AHPNAT7X118","AHPNAT7X118","no","in",119,"1_MG","hei","3","hei3","Heiligenhafen","alga","February",2019,"26.02.19",57,"precipitation",15.8,8.11,NA,"winter","t1","year2","winter_year2","t1_year2",11048
"128","AHPNAT7X119","AHPNAT7X119","no","in",120,"1_MG","hei","4","hei4","Heiligenhafen","alga","February",2019,"26.02.19",57,"precipitation",15.8,8.11,NA,"winter","t1","year2","winter_year2","t1_year2",58381
"129","AHPNAT7X120X2","AHPNAT7X120X1","yes","in",386,"1_MG","hei","5","hei5","Heiligenhafen","alga","February",2019,"26.02.19",57,"precipitation",15.8,8.11,NA,"winter","t1","year2","winter_year2","t1_year2",44069
"130","AHPNAT7X123","AHPNAT7X123","no","in",124,"1_MG","nor","1","nor1","Nordstrand","alga","February",2019,"27.02.19",58,"precipitation",28.2,8.15,NA,"winter","t1","year2","winter_year2","t1_year2",12952
"131","AHPNAT7X124","AHPNAT7X124","no","in",125,"1_MG","nor","2","nor2","Nordstrand","alga","February",2019,"27.02.19",58,"precipitation",28.2,8.15,NA,"winter","t1","year2","winter_year2","t1_year2",86582
"132","AHPNAT7X125","AHPNAT7X125","no","in",126,"1_MG","nor","3","nor3","Nordstrand","alga","February",2019,"27.02.19",58,"precipitation",28.2,8.15,NA,"winter","t1","year2","winter_year2","t1_year2",147976
"133","AHPNAT7X126X2","AHPNAT7X126X1","yes","in",387,"1_MG","nor","4","nor4","Nordstrand","alga","February",2019,"27.02.19",58,"precipitation",28.2,8.15,NA,"winter","t1","year2","winter_year2","t1_year2",12505
"134","AHPNAT7X127","AHPNAT7X127X1","yes","in",128,"1_MG","nor","5","nor5","Nordstrand","alga","February",2019,"27.02.19",58,"precipitation",28.2,8.15,NA,"winter","t1","year2","winter_year2","t1_year2",49338
"135","AHPNAT8X131X2","AHPNAT8X131X1","yes","in",390,"1_MG","hei","1","hei1","Heiligenhafen","alga","May",2019,"01.05.19",121,"precipitation",14.4,8.03,NA,"spring","t2","year2","spring_year2","t2_year2",50624
"136","AHPNAT8X132X2","AHPNAT8X132X1","yes","in",391,"1_MG","hei","2","hei2","Heiligenhafen","alga","May",2019,"01.05.19",121,"precipitation",14.4,8.03,NA,"spring","t2","year2","spring_year2","t2_year2",58353
"137","AHPNAT8X134X2","AHPNAT8X134X1","yes","in",393,"1_MG","hei","4","hei4","Heiligenhafen","alga","May",2019,"01.05.19",121,"precipitation",14.4,8.03,NA,"spring","t2","year2","spring_year2","t2_year2",62943
"138","AHPNAT8X135X2","AHPNAT8X135X1","yes","in",394,"1_MG","hei","5","hei5","Heiligenhafen","alga","May",2019,"01.05.19",121,"precipitation",14.4,8.03,NA,"spring","t2","year2","spring_year2","t2_year2",60873
"139","AHPNAT9X150","AHPNAT9X150","no","in",150,"1_MG","hei","1","hei1","Heiligenhafen","alga","June",2019,"26.06.19",177,"precipitation",12.8,8.4,NA,"summer","t3","year2","summer_year2","t3_year2",87211
"140","AHPNAT9X151","AHPNAT9X151","no","in",151,"1_MG","hei","2","hei2","Heiligenhafen","alga","June",2019,"26.06.19",177,"precipitation",12.8,8.4,NA,"summer","t3","year2","summer_year2","t3_year2",10579
"141","AHPNAT9X152","AHPNAT9X152","no","in",152,"1_MG","hei","3","hei3","Heiligenhafen","alga","June",2019,"26.06.19",177,"precipitation",12.8,8.4,NA,"summer","t3","year2","summer_year2","t3_year2",262675
"142","AHPNAT9X153","AHPNAT9X153","no","in",153,"1_MG","hei","4","hei4","Heiligenhafen","alga","June",2019,"26.06.19",177,"precipitation",12.8,8.4,NA,"summer","t3","year2","summer_year2","t3_year2",179355
"143","AHPNAT9X154","AHPNAT9X154","no","in",154,"1_MG","hei","5","hei5","Heiligenhafen","alga","June",2019,"26.06.19",177,"precipitation",12.8,8.4,NA,"summer","t3","year2","summer_year2","t3_year2",122956
"144","ANFDT3X39","ANFDT3X39","no","in",38,"1_MG","nor","5","nor5","Nordstrand","alga","June",2018,"27.06.18",178,"filtering",31,7.7,NA,"summer","t3","year1","summer_year1","t3_year1",1087
"145","ANFDT4X70X2","ANFDT4X70X1","yes","in",373,"1_MG","nor","2","nor2","Nordstrand","alga","August",2018,"24.08.18",236,"filtering",32,7.5,NA,"summer","t4","year1","summer_year1","t4_year1",21605
"146","ANFDT4X71","ANFDT4X71","no","in",70,"1_MG","nor","3","nor3","Nordstrand","alga","August",2018,"24.08.18",236,"filtering",32,7.5,NA,"summer","t4","year1","summer_year1","t4_year1",74151
"147","ANFFT3X40","ANFFT3X40","no","in",39,"1_MG","nor","9","nor9","Nordstrand","alga","June",2018,"27.06.18",178,"filtering",31,7.7,NA,"summer","t3","year1","summer_year1","t3_year1",2929
"148","ANFFT3X41","ANFFT3X41","no","in",40,"1_MG","nor","11","nor11","Nordstrand","alga","June",2018,"27.06.18",178,"filtering",31,7.7,NA,"summer","t3","year1","summer_year1","t3_year1",8164
"149","ANFFT4X69","ANFFT4X69","no","in",68,"1_MG","nor","1","nor1","Nordstrand","alga","August",2018,"24.08.18",236,"filtering",32,7.5,NA,"summer","t4","year1","summer_year1","t4_year1",2207
"150","ANFFT4X72","ANFFT4X72","no","in",71,"1_MG","nor","4","nor4","Nordstrand","alga","August",2018,"24.08.18",236,"filtering",32,7.5,NA,"summer","t4","year1","summer_year1","t4_year1",1487
"151","ANFFT4X73","ANFFT4X73","no","in",72,"1_MG","nor","5","nor5","Nordstrand","alga","August",2018,"24.08.18",236,"filtering",32,7.5,NA,"summer","t4","year1","summer_year1","t4_year1",4688
"152","ANFMT3X42","ANFMT3X42","no","in",41,"1_MG","nor","12","nor12","Nordstrand","alga","June",2018,"27.06.18",178,"filtering",31,7.7,NA,"summer","t3","year1","summer_year1","t3_year1",21898
"153","ANFNAT3X43","ANFNAT3X43","no","in",42,"1_MG","nor","14","nor14","Nordstrand","alga","June",2018,"27.06.18",178,"filtering",31,7.7,NA,"summer","t3","year1","summer_year1","t3_year1",1409
"154","ANFNAT5X89","ANFNAT5X89","no","in",88,"1_MG","nor","1","nor1","Nordstrand","alga","October",2018,"16.10.18",289,"filtering",32.3,NA,NA,"autumn","t5","year1","autumn_year1","t5_year1",44603
"155","ANFNAT5X90X2","ANFNAT5X90X1","yes","in",374,"1_MG","nor","2","nor2","Nordstrand","alga","October",2018,"16.10.18",289,"filtering",32.3,NA,NA,"autumn","t5","year1","autumn_year1","t5_year1",77599
"156","ANFNAT5X91X2","ANFNAT5X91X1","yes","in",375,"1_MG","nor","3","nor3","Nordstrand","alga","October",2018,"16.10.18",289,"filtering",32.3,NA,NA,"autumn","t5","year1","autumn_year1","t5_year1",67573
"157","ANFNAT5X92X2","ANFNAT5X92X1","yes","in",376,"1_MG","nor","4","nor4","Nordstrand","alga","October",2018,"16.10.18",289,"filtering",32.3,NA,NA,"autumn","t5","year1","autumn_year1","t5_year1",32555
"158","ANFNAT5X93X2","ANFNAT5X93X1","yes","in",377,"1_MG","nor","5","nor5","Nordstrand","alga","October",2018,"16.10.18",289,"filtering",32.3,NA,NA,"autumn","t5","year1","autumn_year1","t5_year1",98609
"159","ANFNAT6X107X2","ANFNAT6X107X1","yes","in",381,"1_MG","nor","1","nor1","Nordstrand","alga","December",2018,"12.12.18",346,"filtering",27.9,7.9,NA,"winter","t6","year1","winter_year1","t6_year1",41124
"160","ANFNAT6X108X2","ANFNAT6X108X1","yes","in",382,"1_MG","nor","2","nor2","Nordstrand","alga","December",2018,"12.12.18",346,"filtering",27.9,7.9,NA,"winter","t6","year1","winter_year1","t6_year1",17598
"161","ANFNAT6X109X2","ANFNAT6X109X1","yes","in",383,"1_MG","nor","3","nor3","Nordstrand","alga","December",2018,"12.12.18",346,"filtering",27.9,7.9,NA,"winter","t6","year1","winter_year1","t6_year1",22029
"162","ANFNAT6X110X2","ANFNAT6X110X1","yes","in",384,"1_MG","nor","4","nor4","Nordstrand","alga","December",2018,"12.12.18",346,"filtering",27.9,7.9,NA,"winter","t6","year1","winter_year1","t6_year1",21993
"163","ANFNAT6X111X2","ANFNAT6X111X1","yes","in",385,"1_MG","nor","5","nor5","Nordstrand","alga","December",2018,"12.12.18",346,"filtering",27.9,7.9,NA,"winter","t6","year1","winter_year1","t6_year1",3421
"164","ANFVT1X11X2","ANFVT1X11X1","yes","in",366,"1_MG","nor","1","nor1","Nordstrand","alga","February",2018,"20.02.18",51,"filtering",25,7.69,NA,"winter","t1","year1","winter_year1","t1_year1",31303
"165","ANFVT1X14X2","ANFVT1X14X1","yes","in",367,"1_MG","nor","4","nor4","Nordstrand","alga","February",2018,"20.02.18",51,"filtering",25,7.69,NA,"winter","t1","year1","winter_year1","t1_year1",13834
"166","ANFVT1X15","ANFVT1X15","no","in",15,"1_MG","nor","5","nor5","Nordstrand","alga","February",2018,"20.02.18",51,"filtering",25,7.69,NA,"winter","t1","year1","winter_year1","t1_year1",6697
"167","ANFVT2X20X2","ANFVT2X20","yes","in",368,"1_MG","nor","1","nor1","Nordstrand","alga","April",2018,"24.04.18",114,"filtering",30,8.56,NA,"spring","t2","year1","spring_year1","t2_year1",28403
"168","ANFVT2X21X2","ANFVT2X21X1","yes","in",369,"1_MG","nor","2","nor2","Nordstrand","alga","April",2018,"24.04.18",114,"filtering",30,8.56,NA,"spring","t2","year1","spring_year1","t2_year1",79651
"169","ANFVT2X22X2","ANFVT2X22X1","yes","in",370,"1_MG","nor","3","nor3","Nordstrand","alga","April",2018,"24.04.18",114,"filtering",30,8.56,NA,"spring","t2","year1","spring_year1","t2_year1",47817
"170","ANFVT2X23X2","ANFVT2X23X1","yes","in",371,"1_MG","nor","4","nor4","Nordstrand","alga","April",2018,"24.04.18",114,"filtering",30,8.56,NA,"spring","t2","year1","spring_year1","t2_year1",10395
"171","ANPNAT10X179","ANPNAT10X179","no","in",179,"1_MG","nor","1","nor1","Nordstrand","alga","September",2019,"04.09.19",247,"precipitation",31.5,8.4,NA,"autumn","t4","year2","autumn_year2","t4_year2",92598
"172","ANPNAT10X180","ANPNAT10X180","no","in",180,"1_MG","nor","2","nor2","Nordstrand","alga","September",2019,"04.09.19",247,"precipitation",31.5,8.4,NA,"autumn","t4","year2","autumn_year2","t4_year2",65493
"173","ANPNAT10X181","ANPNAT10X181","no","in",181,"1_MG","nor","3","nor3","Nordstrand","alga","September",2019,"04.09.19",247,"precipitation",31.5,8.4,NA,"autumn","t4","year2","autumn_year2","t4_year2",113145
"174","ANPNAT10X182X2","ANPNAT10X182X1","yes","in",399,"1_MG","nor","4","nor4","Nordstrand","alga","September",2019,"04.09.19",247,"precipitation",31.5,8.4,NA,"autumn","t4","year2","autumn_year2","t4_year2",15626
"175","ANPNAT10X183","ANPNAT10X183","no","in",183,"1_MG","nor","5","nor5","Nordstrand","alga","September",2019,"04.09.19",247,"precipitation",31.5,8.4,NA,"autumn","t4","year2","autumn_year2","t4_year2",68812
"176","ANPNAT11X195X2","ANPNAT11X195X1","yes","in",401,"1_MG","nor","1","nor1","Nordstrand","alga","November",2019,"09.11.19",313,"precipitation",27.8,7.99,NA,"autumn","t5","year2","autumn_year2","t5_year2",25422
"177","ANPNAT11X196X2","ANPNAT11X196X1","yes","in",402,"1_MG","nor","2","nor2","Nordstrand","alga","November",2019,"09.11.19",313,"precipitation",27.8,7.99,NA,"autumn","t5","year2","autumn_year2","t5_year2",31317
"178","ANPNAT11X197X2","ANPNAT11X197X1","yes","in",403,"1_MG","nor","3","nor3","Nordstrand","alga","November",2019,"09.11.19",313,"precipitation",27.8,7.99,NA,"autumn","t5","year2","autumn_year2","t5_year2",72248
"179","ANPNAT11X198X2","ANPNAT11X198X1","yes","in",404,"1_MG","nor","4","nor4","Nordstrand","alga","November",2019,"09.11.19",313,"precipitation",27.8,7.99,NA,"autumn","t5","year2","autumn_year2","t5_year2",46607
"180","ANPNAT11X199X2","ANPNAT11X199X1","yes","in",405,"1_MG","nor","5","nor5","Nordstrand","alga","November",2019,"09.11.19",313,"precipitation",27.8,7.99,NA,"autumn","t5","year2","autumn_year2","t5_year2",14710
"181","ANPNAT12X206","ANPNAT12X206","no","in",208,"1_MG","nor","2","nor2","Nordstrand","alga","December",2019,"19.12.19",353,"precipitation",26.6,7.52,NA,"winter","t6","year2","winter_year2","t6_year2",2233
"182","ANPNAT12X207","ANPNAT12X207","no","in",209,"1_MG","nor","3","nor3","Nordstrand","alga","December",2019,"19.12.19",353,"precipitation",26.6,7.52,NA,"winter","t6","year2","winter_year2","t6_year2",3159
"183","ANPNAT8X140","ANPNAT8X140","no","in",141,"1_MG","nor","1","nor1","Nordstrand","alga","May",2019,"01.05.19",121,"precipitation",30.1,8.05,NA,"spring","t2","year2","spring_year2","t2_year2",59362
"184","ANPNAT8X141","ANPNAT8X141","no","in",142,"1_MG","nor","2","nor2","Nordstrand","alga","May",2019,"01.05.19",121,"precipitation",30.1,8.05,NA,"spring","t2","year2","spring_year2","t2_year2",10225
"185","ANPNAT8X143","ANPNAT8X143","no","in",143,"1_MG","nor","4","nor4","Nordstrand","alga","May",2019,"01.05.19",121,"precipitation",30.1,8.05,NA,"spring","t2","year2","spring_year2","t2_year2",55119
"186","ANPNAT8X144","ANPNAT8X144","no","in",144,"1_MG","nor","5","nor5","Nordstrand","alga","May",2019,"01.05.19",121,"precipitation",30.1,8.05,NA,"spring","t2","year2","spring_year2","t2_year2",180851
"187","ANPNAT9X159","ANPNAT9X159","no","in",159,"1_MG","nor","1","nor1","Nordstrand","alga","June",2019,"26.06.19",177,"precipitation",31.5,8.7,NA,"summer","t3","year2","summer_year2","t3_year2",53075
"188","ANPNAT9X160","ANPNAT9X160","no","in",160,"1_MG","nor","2","nor2","Nordstrand","alga","June",2019,"26.06.19",177,"precipitation",31.5,8.7,NA,"summer","t3","year2","summer_year2","t3_year2",142857
"189","ANPNAT9X162","ANPNAT9X162","no","in",162,"1_MG","nor","4","nor4","Nordstrand","alga","June",2019,"26.06.19",177,"precipitation",31.5,8.7,NA,"summer","t3","year2","summer_year2","t3_year2",95961
"190","ANPNAT9X163","ANPNAT9X163","no","in",163,"1_MG","nor","5","nor5","Nordstrand","alga","June",2019,"26.06.19",177,"precipitation",31.5,8.7,NA,"summer","t3","year2","summer_year2","t3_year2",111795
"191","ANPNAXT9161","ANPNAXT9161","no","in",161,"1_MG","nor","3","nor3","Nordstrand","alga","June",2019,"26.06.19",177,"precipitation",31.5,8.7,NA,"summer","t3","year2","summer_year2","t3_year2",109785
"192","AXHPNAXT12X214","AHPNAT12X214","yes","in",409,"1_MG","hei","1","hei1","Heiligenhafen","alga","December",2019,"19.12.19",353,"precipitation",16.1,7.41,NA,"winter","t6","year2","winter_year2","t6_year2",60217
"193","AXHPNAXT12X215","AHPNAT12X215","yes","in",410,"1_MG","hei","2","hei2","Heiligenhafen","alga","December",2019,"19.12.19",353,"precipitation",16.1,7.41,NA,"winter","t6","year2","winter_year2","t6_year2",56662
"194","AXNPNAXT12X205","ANPNAT12X205","yes","in",412,"1_MG","nor","1","nor1","Nordstrand","alga","December",2019,"19.12.19",353,"precipitation",26.6,7.52,NA,"winter","t6","year2","winter_year2","t6_year2",53778
"195","AXNPNAXT12X208","ANPNAT12X208","yes","in",407,"1_MG","nor","4","nor4","Nordstrand","alga","December",2019,"19.12.19",353,"precipitation",26.6,7.52,NA,"winter","t6","year2","winter_year2","t6_year2",47324
"196","AXNPNAXT12X209","ANPNAT12X209","yes","in",408,"1_MG","nor","5","nor5","Nordstrand","alga","December",2019,"19.12.19",353,"precipitation",26.6,7.52,NA,"winter","t6","year2","winter_year2","t6_year2",23854
"197","SHFDT3X54","SHFDT3X54","no","in",53,"1_MG","hei","s1","heis1","Heiligenhafen","sediment","June",2018,"28.06.18",179,"filtering",12,5.3,NA,"summer","t3","year1","summer_year1","t3_year1",7624
"198","SHFNAT5X84","SHFNAT5X84","no","in",83,"1_MG","hei","s1","heis1","Heiligenhafen","sediment","October",2018,"15.10.18",288,"filtering",18,NA,NA,"autumn","t5","year1","autumn_year1","t5_year1",102557
"199","SHFNAT5X85","SHFNAT5X85","no","in",84,"1_MG","hei","s2","heis2","Heiligenhafen","sediment","October",2018,"15.10.18",288,"filtering",18,NA,NA,"autumn","t5","year1","autumn_year1","t5_year1",85574
"200","SHFVT1X7","SHFVT1X7","no","in",7,"1_MG","hei","s2","heis2","Heiligenhafen","sediment","February",2018,"06.02.18",37,"filtering",14,7.9,NA,"winter","t1","year1","winter_year1","t1_year1",1963
"201","SHFVT2X34","SHFVT2X34","no","in",34,"1_MG","hei","s1","heis1","Heiligenhafen","sediment","April",2018,"25.04.18",115,"filtering",11,8.42,NA,"spring","t2","year1","spring_year1","t2_year1",18313
"202","SHFVT2X35","SHFVT2X35","no","in",35,"1_MG","hei","s2","heis2","Heiligenhafen","sediment","April",2018,"25.04.18",115,"filtering",11,8.42,NA,"spring","t2","year1","spring_year1","t2_year1",39793
"203","SHFVT3X55","SHFVT3X55","no","in",54,"1_MG","hei","s2","heis2","Heiligenhafen","sediment","June",2018,"28.06.18",179,"filtering",12,5.3,NA,"summer","t3","year1","summer_year1","t3_year1",6573
"204","SHFVT4X64","SHFVT4X64","no","in",63,"1_MG","hei","s1","heis1","Heiligenhafen","sediment","August",2018,"23.08.18",235,"filtering",12,9,NA,"summer","t4","year1","summer_year1","t4_year1",7927
"205","SHFVT4X65","SHFVT4X65","no","in",64,"1_MG","hei","s2","heis2","Heiligenhafen","sediment","August",2018,"23.08.18",235,"filtering",12,9,NA,"summer","t4","year1","summer_year1","t4_year1",86212
"206","SHPNAT10X174","SHPNAT10X174","no","in",174,"1_MG","hei","s1","heis1","Heiligenhafen","sediment","September",2019,"04.09.19",247,"precipitation",14.8,8.4,NA,"autumn","t4","year2","autumn_year2","t4_year2",121351
"207","SHPNAT10X175X2","SHPNAT10X175X1","yes","in",398,"1_MG","hei","s2","heis2","Heiligenhafen","sediment","September",2019,"04.09.19",247,"precipitation",14.8,8.4,NA,"autumn","t4","year2","autumn_year2","t4_year2",17163
"208","SHPNAT12X219","SHPNAT12X219","no","in",221,"1_MG","hei","s1","heis1","Heiligenhafen","sediment","December",2019,"19.12.19",353,"precipitation",16.1,7.41,NA,"winter","t6","year2","winter_year2","t6_year2",43638
"209","SHPNAT12X220","SHPNAT12X220","no","in",222,"1_MG","hei","s2","heis2","Heiligenhafen","sediment","December",2019,"19.12.19",353,"precipitation",16.1,7.41,NA,"winter","t6","year2","winter_year2","t6_year2",9927
"210","SHPNAT7X121","SHPNAT7X121","no","in",122,"1_MG","hei","s1","heis1","Heiligenhafen","sediment","February",2019,"26.02.19",57,"precipitation",15.8,8.11,NA,"winter","t1","year2","winter_year2","t1_year2",1985
"211","SHPNAT7X122","SHPNAT7X122","no","in",123,"1_MG","hei","s2","heis2","Heiligenhafen","sediment","February",2019,"26.02.19",57,"precipitation",15.8,8.11,NA,"winter","t1","year2","winter_year2","t1_year2",88347
"212","SHPNAT8X136X2","SHPNAT8X136X1","yes","in",395,"1_MG","hei","s1","heis1","Heiligenhafen","sediment","May",2019,"01.05.19",121,"precipitation",14.4,8.03,NA,"spring","t2","year2","spring_year2","t2_year2",65656
"213","SHPNAT8X137X2","SHPNAT8X137X1","yes","in",396,"1_MG","hei","s2","heis2","Heiligenhafen","sediment","May",2019,"01.05.19",121,"precipitation",14.4,8.03,NA,"spring","t2","year2","spring_year2","t2_year2",60886
"214","SHPNAT9X155","SHPNAT9X155","no","in",155,"1_MG","hei","s1","heis1","Heiligenhafen","sediment","June",2019,"26.06.19",177,"precipitation",12.8,8.4,NA,"summer","t3","year2","summer_year2","t3_year2",121238
"215","SHPNAT9X156","SHPNAT9X156","no","in",156,"1_MG","hei","s2","heis2","Heiligenhafen","sediment","June",2019,"26.06.19",177,"precipitation",12.8,8.4,NA,"summer","t3","year2","summer_year2","t3_year2",107874
"216","SNFDT3X44","SNFDT3X44","no","in",43,"1_MG","nor","s1","nors1","Nordstrand","sediment","June",2018,"27.06.18",178,"filtering",31,7.7,NA,"summer","t3","year1","summer_year1","t3_year1",5522
"217","SNFDT4X75","SNFDT4X75","no","in",74,"1_MG","nor","s2","nors2","Nordstrand","sediment","August",2018,"24.08.18",236,"filtering",32,7.5,NA,"summer","t4","year1","summer_year1","t4_year1",68669
"218","SNFFT4X74","SNFFT4X74","no","in",73,"1_MG","nor","s1","nors1","Nordstrand","sediment","August",2018,"24.08.18",236,"filtering",32,7.5,NA,"summer","t4","year1","summer_year1","t4_year1",100759
"219","SNFMT3X45","SNFMT3X45","no","in",44,"1_MG","nor","s2","nors2","Nordstrand","sediment","June",2018,"27.06.18",178,"filtering",31,7.7,NA,"summer","t3","year1","summer_year1","t3_year1",29804
"220","SNFNAT5X94X2","SNFNAT5X94X1","yes","in",378,"1_MG","nor","s1","nors1","Nordstrand","sediment","October",2018,"16.10.18",289,"filtering",32.3,NA,NA,"autumn","t5","year1","autumn_year1","t5_year1",54199
"221","SNFNAT5X95X2","SNFNAT5X95X1","yes","in",379,"1_MG","nor","s2","nors2","Nordstrand","sediment","October",2018,"16.10.18",289,"filtering",32.3,NA,NA,"autumn","t5","year1","autumn_year1","t5_year1",62035
"222","SNFNAT6X112","SNFNAT6X112","no","in",113,"1_MG","nor","s1","nors1","Nordstrand","sediment","December",2018,"12.12.18",346,"filtering",27.9,7.9,NA,"winter","t6","year1","winter_year1","t6_year1",16340
"223","SNFNAT6X113","SNFNAT6X113","no","in",114,"1_MG","nor","s2","nors2","Nordstrand","sediment","December",2018,"12.12.18",346,"filtering",27.9,7.9,NA,"winter","t6","year1","winter_year1","t6_year1",54494
"224","SNFVT1X17","SNFVT1X17","no","in",17,"1_MG","nor","s2","nors2","Nordstrand","sediment","February",2018,"20.02.18",51,"filtering",25,7.69,NA,"winter","t1","year1","winter_year1","t1_year1",50484
"225","SNFVT2X25","SNFVT2X25","no","in",25,"1_MG","nor","s1","nors1","Nordstrand","sediment","April",2018,"24.04.18",114,"filtering",30,8.56,NA,"spring","t2","year1","spring_year1","t2_year1",12549
"226","SNFVT2X26","SNFVT2X26","no","in",26,"1_MG","nor","s2","nors2","Nordstrand","sediment","April",2018,"24.04.18",114,"filtering",30,8.56,NA,"spring","t2","year1","spring_year1","t2_year1",18339
"227","SNPNAT10X184","SNPNAT10X184","no","in",184,"1_MG","nor","s1","nors1","Nordstrand","sediment","September",2019,"04.09.19",247,"precipitation",31.5,8.4,NA,"autumn","t4","year2","autumn_year2","t4_year2",109592
"228","SNPNAT10X185","SNPNAT10X185","no","in",185,"1_MG","nor","s2","nors2","Nordstrand","sediment","September",2019,"04.09.19",247,"precipitation",31.5,8.4,NA,"autumn","t4","year2","autumn_year2","t4_year2",142429
"229","SNPNAT11X200","SNPNAT11X200","no","in",202,"1_MG","nor","s1","nors1","Nordstrand","sediment","November",2019,"09.11.19",313,"precipitation",27.8,7.99,NA,"autumn","t5","year2","autumn_year2","t5_year2",22750
"230","SNPNAT11X201","SNPNAT11X201","no","in",203,"1_MG","nor","s2","nors2","Nordstrand","sediment","November",2019,"09.11.19",313,"precipitation",27.8,7.99,NA,"autumn","t5","year2","autumn_year2","t5_year2",21536
"231","SNPNAT12X210","SNPNAT12X210","no","in",212,"1_MG","nor","s1","nors1","Nordstrand","sediment","December",2019,"19.12.19",353,"precipitation",26.6,7.52,NA,"winter","t6","year2","winter_year2","t6_year2",1409
"232","SNPNAT12X211","SNPNAT12X211","no","in",213,"1_MG","nor","s2","nors2","Nordstrand","sediment","December",2019,"19.12.19",353,"precipitation",26.6,7.52,NA,"winter","t6","year2","winter_year2","t6_year2",9445
"233","SNPNAT7X128","SNPNAT7X128","no","in",129,"1_MG","nor","s1","nors1","Nordstrand","sediment","February",2019,"27.02.19",58,"precipitation",28.2,8.15,NA,"winter","t1","year2","winter_year2","t1_year2",5924
"234","SNPNAT7X129","SNPNAT7X129","no","in",130,"1_MG","nor","s2","nors2","Nordstrand","sediment","February",2019,"27.02.19",58,"precipitation",28.2,8.15,NA,"winter","t1","year2","winter_year2","t1_year2",97713
"235","SNPNAT8X145X2","SNPNAT8X145X1","yes","in",397,"1_MG","nor","s1","nors1","Nordstrand","sediment","May",2019,"01.05.19",121,"precipitation",30.1,8.05,NA,"spring","t2","year2","spring_year2","t2_year2",28075
"236","SNPNAT8X146","SNPNAT8X146","no","in",146,"1_MG","nor","s2","nors2","Nordstrand","sediment","May",2019,"01.05.19",121,"precipitation",30.1,8.05,NA,"spring","t2","year2","spring_year2","t2_year2",114066
"237","SNPNAT9X164","SNPNAT9X164","no","in",164,"1_MG","nor","s1","nors1","Nordstrand","sediment","June",2019,"26.06.19",177,"precipitation",31.5,8.7,NA,"summer","t3","year2","summer_year2","t3_year2",142533
"238","SNPNAT9X165","SNPNAT9X165","no","in",165,"1_MG","nor","s2","nors2","Nordstrand","sediment","June",2019,"26.06.19",177,"precipitation",31.5,8.7,NA,"summer","t3","year2","summer_year2","t3_year2",3469
"239","WHFNAT5X87","WHFNAT5X87","no","in",86,"1_MG","hei","w2","heiw2","Heiligenhafen","water","October",2018,"15.10.18",288,"filtering",18,NA,NA,"autumn","t5","year1","autumn_year1","t5_year1",1245
"240","WHFNAT6X104","WHFNAT6X104","no","in",105,"1_MG","hei","w1","heiw1","Heiligenhafen","water","December",2018,"11.12.18",345,"filtering",16,8,NA,"winter","t6","year1","winter_year1","t6_year1",2259
"241","WHFNAT6X105","WHFNAT6X105","no","in",106,"1_MG","hei","w2","heiw2","Heiligenhafen","water","December",2018,"11.12.18",345,"filtering",16,8,NA,"winter","t6","year1","winter_year1","t6_year1",2550
"242","WHFVT2X36","WHFVT2X36","no","in",36,"1_MG","hei","w1","heiw1","Heiligenhafen","water","April",2018,"25.04.18",115,"filtering",11,8.42,NA,"spring","t2","year1","spring_year1","t2_year1",17895
"243","WHFVT2X37","WHFVT2X37","no","in",37,"1_MG","hei","w2","heiw2","Heiligenhafen","water","April",2018,"25.04.18",115,"filtering",11,8.42,NA,"spring","t2","year1","spring_year1","t2_year1",55198
"244","WHFVT3X56","WHFVT3X56","no","in",55,"1_MG","hei","w1","heiw1","Heiligenhafen","water","June",2018,"28.06.18",179,"filtering",12,5.3,NA,"summer","t3","year1","summer_year1","t3_year1",18244
"245","WHFVT3X57","WHFVT3X57","no","in",56,"1_MG","hei","w2","heiw2","Heiligenhafen","water","June",2018,"28.06.18",179,"filtering",12,5.3,NA,"summer","t3","year1","summer_year1","t3_year1",1129
"246","WHFVT4X66","WHFVT4X66","no","in",65,"1_MG","hei","w1","heiw1","Heiligenhafen","water","August",2018,"23.08.18",235,"filtering",12,9,NA,"summer","t4","year1","summer_year1","t4_year1",26247
"247","WHFVT4X67","WHFVT4X67","no","in",66,"1_MG","hei","w2","heiw2","Heiligenhafen","water","August",2018,"23.08.18",235,"filtering",12,9,NA,"summer","t4","year1","summer_year1","t4_year1",21224
"248","WHPNAT10X176","WHPNAT10X176","no","in",176,"1_MG","hei","w1","heiw1","Heiligenhafen","water","September",2019,"04.09.19",247,"precipitation",14.8,8.4,NA,"autumn","t4","year2","autumn_year2","t4_year2",17506
"249","WHPNAT10X177","WHPNAT10X177","no","in",177,"1_MG","hei","w2","heiw2","Heiligenhafen","water","September",2019,"04.09.19",247,"precipitation",14.8,8.4,NA,"autumn","t4","year2","autumn_year2","t4_year2",32490
"250","WHPNAT8X138","WHPNAT8X138","no","in",139,"1_MG","hei","w1","heiw1","Heiligenhafen","water","May",2019,"01.05.19",121,"precipitation",14.4,8.03,NA,"spring","t2","year2","spring_year2","t2_year2",2599
"251","WHPNAT9X157","WHPNAT9X157","no","in",157,"1_MG","hei","w1","heiw1","Heiligenhafen","water","June",2019,"26.06.19",177,"precipitation",12.8,8.4,NA,"summer","t3","year2","summer_year2","t3_year2",2801
"252","WHPNAT9X158","WHPNAT9X158","no","in",158,"1_MG","hei","w2","heiw2","Heiligenhafen","water","June",2019,"26.06.19",177,"precipitation",12.8,8.4,NA,"summer","t3","year2","summer_year2","t3_year2",3718
"253","WNFNAT6X114","WNFNAT6X114","no","in",115,"1_MG","nor","w1","norw1","Nordstrand","water","December",2018,"12.12.18",346,"filtering",27.9,7.9,NA,"winter","t6","year1","winter_year1","t6_year1",1489
"254","WNFNAT6X115","WNFNAT6X115","no","in",116,"1_MG","nor","w2","norw2","Nordstrand","water","December",2018,"12.12.18",346,"filtering",27.9,7.9,NA,"winter","t6","year1","winter_year1","t6_year1",2179
"255","WNFVT2X27","WNFVT2X27","no","in",27,"1_MG","nor","w1","norw1","Nordstrand","water","April",2018,"24.04.18",114,"filtering",30,8.56,NA,"spring","t2","year1","spring_year1","t2_year1",1864
"256","WNFVT2X28","WNFVT2X28","no","in",28,"1_MG","nor","w2","norw2","Nordstrand","water","April",2018,"24.04.18",114,"filtering",30,8.56,NA,"spring","t2","year1","spring_year1","t2_year1",1351
"257","WNPNAT10X186","WNPNAT10X186","no","in",186,"1_MG","nor","w1","norw1","Nordstrand","water","September",2019,"04.09.19",247,"precipitation",31.5,8.4,NA,"autumn","t4","year2","autumn_year2","t4_year2",6302
"258","WNPNAT10X187","WNPNAT10X187","no","in",187,"1_MG","nor","w2","norw2","Nordstrand","water","September",2019,"04.09.19",247,"precipitation",31.5,8.4,NA,"autumn","t4","year2","autumn_year2","t4_year2",2820
"259","WNPNAT8X147","WNPNAT8X147","no","in",147,"1_MG","nor","w1","norw1","Nordstrand","water","May",2019,"01.05.19",121,"precipitation",30.1,8.05,NA,"spring","t2","year2","spring_year2","t2_year2",4273
"260","WNPNAT8X148","WNPNAT8X148","no","in",148,"1_MG","nor","w2","norw2","Nordstrand","water","May",2019,"01.05.19",121,"precipitation",30.1,8.05,NA,"spring","t2","year2","spring_year2","t2_year2",1471
"261","WNPNAT9X166","WNPNAT9X166","no","in",166,"1_MG","nor","w1","norw1","Nordstrand","water","June",2019,"26.06.19",177,"precipitation",31.5,8.7,NA,"summer","t3","year2","summer_year2","t3_year2",3170
"262","WNPNAT9X167","WNPNAT9X167","no","in",167,"1_MG","nor","w2","norw2","Nordstrand","water","June",2019,"26.06.19",177,"precipitation",31.5,8.7,NA,"summer","t3","year2","summer_year2","t3_year2",1415
