library_sample_code,parental_sample_code,mothur_analysis_double_sample,population,pop,SampleID,sample_type,month,year,collection_date,day,method,salinity,pH,season,timepoint,year,season_year,unique_timepoint,seq_depth
X02XNOR2X140220,X02XNOR2X140220,in,Nordstrand,nor,nor2,alga,February,2020,14.02.20,45,precipitation,24,7.78,winter,t1,year3,winter_year3,t1_year3,16656
X03XNOR3X140220,X03XNOR3X140220,in,Nordstrand,nor,nor3,alga,February,2020,14.02.20,45,precipitation,24,7.78,winter,t1,year3,winter_year3,t1_year3,3971
X04XNOR4X140220,X04XNOR4X140220,in,Nordstrand,nor,nor4,alga,February,2020,14.02.20,45,precipitation,24,7.78,winter,t1,year3,winter_year3,t1_year3,119697
X05XNOR5X140220,X05XNOR5X140220,in,Nordstrand,nor,nor5,alga,February,2020,14.02.20,45,precipitation,24,7.78,winter,t1,year3,winter_year3,t1_year3,29016
X06XNOR6X140220,X06XNOR6X140220,in,Nordstrand,nor,nor6,alga,February,2020,14.02.20,45,precipitation,24,7.78,winter,t1,year3,winter_year3,t1_year3,60486
X07XNORS1X140220,X07XNORS1X140220,in,Nordstrand,nor,nors1,sediment,February,2020,14.02.20,45,precipitation,24,7.78,winter,t1,year3,winter_year3,t1_year3,18939
X101XNOR1X060121,X101XNOR1X060121,in,Nordstrand,nor,nor1,alga,January,2021,06.01.21,6,precipitation,24.3,7.85,winter,t6,year3,winter_year3,t6_year3,89158
X102XNOR2X060121,X102XNOR2X060121,in,Nordstrand,nor,nor2,alga,January,2021,06.01.21,6,precipitation,24.3,7.85,winter,t6,year3,winter_year3,t6_year3,96121
X103XNOR3X060121,X103XNOR3X060121,in,Nordstrand,nor,nor3,alga,January,2021,06.01.21,6,precipitation,24.3,7.85,winter,t6,year3,winter_year3,t6_year3,86556
X104XNOR4X060121,X104XNOR4X060121,in,Nordstrand,nor,nor4,alga,January,2021,06.01.21,6,precipitation,24.3,7.85,winter,t6,year3,winter_year3,t6_year3,31383
X105XNOR5X060121,X105XNOR5X060121,in,Nordstrand,nor,nor5,alga,January,2021,06.01.21,6,precipitation,24.3,7.85,winter,t6,year3,winter_year3,t6_year3,46604
X106XNORS1X060121,X106XNORS1X060121,in,Nordstrand,nor,nors1,sediment,January,2021,06.01.21,6,precipitation,24.3,7.85,winter,t6,year3,winter_year3,t6_year3,9762
X107XNORS2X060121,X107XNORS2X060121,in,Nordstrand,nor,nors2,sediment,January,2021,06.01.21,6,precipitation,24.3,7.85,winter,t6,year3,winter_year3,t6_year3,44631
X111XHEI1X080121,X111XHEI1X080121,in,Heiligenhafen,hei,hei1,alga,January,2021,08.01.21,8,precipitation,16.4,7.62,winter,t6,year3,winter_year3,t6_year3,74406
X112XHEI2X080121,X112XHEI2X080121,in,Heiligenhafen,hei,hei2,alga,January,2021,08.01.21,8,precipitation,16.4,7.62,winter,t6,year3,winter_year3,t6_year3,118148
X113XHEI3X080121,X113XHEI3X080121,in,Heiligenhafen,hei,hei3,alga,January,2021,08.01.21,8,precipitation,16.4,7.62,winter,t6,year3,winter_year3,t6_year3,142074
X114XHEI4X080121,X114XHEI4X080121,in,Heiligenhafen,hei,hei4,alga,January,2021,08.01.21,8,precipitation,16.4,7.62,winter,t6,year3,winter_year3,t6_year3,187792
X115XHEI5X080121,X115XHEI5X080121,in,Heiligenhafen,hei,hei5,alga,January,2021,08.01.21,8,precipitation,16.4,7.62,winter,t6,year3,winter_year3,t6_year3,114356
X116XHEIS1X080121,X116XHEIS1X080121,in,Heiligenhafen,hei,heis1,sediment,January,2021,08.01.21,8,precipitation,16.4,7.62,winter,t6,year3,winter_year3,t6_year3,52110
X117XHEIS2X080121,X117XHEIS2X080121,in,Heiligenhafen,hei,heis2,sediment,January,2021,08.01.21,8,precipitation,16.4,7.62,winter,t6,year3,winter_year3,t6_year3,63485
X16XHEI6X180220,X16XHEI6X180220,in,Heiligenhafen,hei,hei6,alga,February,2020,18.02.20,49,precipitation,17,7.69,winter,t1,year3,winter_year3,t1_year3,28438
X17XHEI7X180220,X17XHEI7X180220,in,Heiligenhafen,hei,hei7,alga,February,2020,18.02.20,49,precipitation,17,7.69,winter,t1,year3,winter_year3,t1_year3,91078
X18XHEI8X180220,X18XHEI8X180220,in,Heiligenhafen,hei,hei8,alga,February,2020,18.02.20,49,precipitation,17,7.69,winter,t1,year3,winter_year3,t1_year3,2519
X20XHEI10X180220,X20XHEI10X180220,in,Heiligenhafen,hei,hei10,alga,February,2020,18.02.20,49,precipitation,17,7.69,winter,t1,year3,winter_year3,t1_year3,47581
X26XHEI1X300420,X26XHEI1X300420,in,Heiligenhafen,hei,hei1,alga,April,2020,30.04.20,121,precipitation,12,7.7,spring,t2,year3,spring_year3,t2_year3,50738
X27XHEI2X300420,X27XHEI2X300420,in,Heiligenhafen,hei,hei2,alga,April,2020,30.04.20,121,precipitation,12,7.7,spring,t2,year3,spring_year3,t2_year3,37410
X28XHEIS1X300420,X28XHEIS1X300420,in,Heiligenhafen,hei,heis1,sediment,April,2020,30.04.20,121,precipitation,12,7.7,spring,t2,year3,spring_year3,t2_year3,1928
X29XHEIS2X300420,X29XHEIS2X300420,in,Heiligenhafen,hei,heis2,sediment,April,2020,30.04.20,121,precipitation,12,7.7,spring,t2,year3,spring_year3,t2_year3,160765
X32XNOR1X300420,X32XNOR1X300420,in,Nordstrand,nor,nor1,alga,April,2020,30.04.20,121,precipitation,27,8.25,spring,t2,year3,spring_year3,t2_year3,3818
X33XNOR2X300420,X33XNOR2X300420,in,Nordstrand,nor,nor2,alga,April,2020,30.04.20,121,precipitation,27,8.25,spring,t2,year3,spring_year3,t2_year3,112153
X34XNOR3X300420,X34XNOR3X300420,in,Nordstrand,nor,nor3,alga,April,2020,30.04.20,121,precipitation,27,8.25,spring,t2,year3,spring_year3,t2_year3,92949
X35XNOR4X300420,X35XNOR4X300420,in,Nordstrand,nor,nor4,alga,April,2020,30.04.20,121,precipitation,27,8.25,spring,t2,year3,spring_year3,t2_year3,210952
X36XNOR5X300420,X36XNOR5X300420,in,Nordstrand,nor,nor5,alga,April,2020,30.04.20,121,precipitation,27,8.25,spring,t2,year3,spring_year3,t2_year3,170006
X37XNORS1X300420,X37XNORS1X300420,in,Nordstrand,nor,nors1,sediment,April,2020,30.04.20,121,precipitation,27,8.25,spring,t2,year3,spring_year3,t2_year3,9063
X38XNORS2X300420,X38XNORS2X300420,in,Nordstrand,nor,nors2,sediment,April,2020,30.04.20,121,precipitation,27,8.25,spring,t2,year3,spring_year3,t2_year3,87513
X42XHEI1X300620,X42XHEI1X300620,in,Heiligenhafen,hei,hei1,alga,June,2020,30.06.20,182,precipitation,11,7.95,summer,t3,year3,summer_year3,t3_year3,75715
X43XHEI2X300620,X43XHEI2X300620,in,Heiligenhafen,hei,hei2,alga,June,2020,30.06.20,182,precipitation,11,7.95,summer,t3,year3,summer_year3,t3_year3,113797
X44XHEI3X300620,X44XHEI3X300620,in,Heiligenhafen,hei,hei3,alga,June,2020,30.06.20,182,precipitation,11,7.95,summer,t3,year3,summer_year3,t3_year3,84713
X45XHEI4X300620,X45XHEI4X300620,in,Heiligenhafen,hei,hei4,alga,June,2020,30.06.20,182,precipitation,11,7.95,summer,t3,year3,summer_year3,t3_year3,58360
X46XHEI5X300620,X46XHEI5X300620,in,Heiligenhafen,hei,hei5,alga,June,2020,30.06.20,182,precipitation,11,7.95,summer,t3,year3,summer_year3,t3_year3,93496
X47XHEIS1X030720,X47XHEIS1X030720,in,Heiligenhafen,hei,heis1,sediment,June,2020,30.06.20,182,precipitation,11,7.95,summer,t3,year3,summer_year3,t3_year3,116636
X48XHEIS2X030720,X48XHEIS2X030720,in,Heiligenhafen,hei,heis2,sediment,June,2020,30.06.20,182,precipitation,11,7.95,summer,t3,year3,summer_year3,t3_year3,56918
X49XHEIW1X310620,X49XHEIW1X310620,in,Heiligenhafen,hei,heiw1,water,June,2020,30.06.20,182,precipitation,11,7.95,summer,t3,year3,summer_year3,t3_year3,24073
X51XNOR1X300620,X51XNOR1X300620,in,Nordstrand,nor,nor1,alga,June,2020,30.06.20,182,precipitation,30,7.89,summer,t3,year3,summer_year3,t3_year3,27790
X52XNOR2X310620,X52XNOR2X310620,in,Nordstrand,nor,nor2,alga,June,2020,30.06.20,182,precipitation,30,7.89,summer,t3,year3,summer_year3,t3_year3,26306
X53XNOR3X310620,X53XNOR3X310620,in,Nordstrand,nor,nor3,alga,June,2020,30.06.20,182,precipitation,30,7.89,summer,t3,year3,summer_year3,t3_year3,88495
X54XNOR4X310620,X54XNOR4X310620,in,Nordstrand,nor,nor4,alga,June,2020,30.06.20,182,precipitation,30,7.89,summer,t3,year3,summer_year3,t3_year3,151826
X55XNOR5X310620,X55XNOR5X310620,in,Nordstrand,nor,nor5,alga,June,2020,30.06.20,182,precipitation,30,7.89,summer,t3,year3,summer_year3,t3_year3,41994
X56XNORS1X030720,X56XNORS1X030720,in,Nordstrand,nor,nors1,sediment,June,2020,30.06.20,182,precipitation,30,7.89,summer,t3,year3,summer_year3,t3_year3,87094
X57XNORS2X030720,X57XNORS2X030720,in,Nordstrand,nor,nors2,sediment,June,2020,30.06.20,182,precipitation,30,7.89,summer,t3,year3,summer_year3,t3_year3,128860
X59XNORW2X310620,X59XNORW2X310620,in,Nordstrand,nor,norw2,water,June,2020,30.06.20,182,precipitation,30,7.89,summer,t3,year3,summer_year3,t3_year3,39413
X61XNOR1X220920,X61XNOR1X220920,in,Nordstrand,nor,nor1,alga,September,2020,22.09.20,266,precipitation,31.5,7.85,autumn,t4,year3,autumn_year3,t4_year3,262321
X62XNOR2X220920,X62XNOR2X220920,in,Nordstrand,nor,nor2,alga,September,2020,22.09.20,266,precipitation,31.5,7.85,autumn,t4,year3,autumn_year3,t4_year3,113920
X63XNOR3X220920,X63XNOR3X220920,in,Nordstrand,nor,nor3,alga,September,2020,22.09.20,266,precipitation,31.5,7.85,autumn,t4,year3,autumn_year3,t4_year3,318290
X64XNOR4X220920,X64XNOR4X220920,in,Nordstrand,nor,nor4,alga,September,2020,22.09.20,266,precipitation,31.5,7.85,autumn,t4,year3,autumn_year3,t4_year3,213736
X65XNOR5X220920,X65XNOR5X220920,in,Nordstrand,nor,nor5,alga,September,2020,22.09.20,266,precipitation,31.5,7.85,autumn,t4,year3,autumn_year3,t4_year3,123069
X66XNORS1X220920,X66XNORS1X220920,in,Nordstrand,nor,nors1,sediment,September,2020,22.09.20,266,precipitation,31.5,7.85,autumn,t4,year3,autumn_year3,t4_year3,173335
X67XNORS2X220920,X67XNORS2X220920,in,Nordstrand,nor,nors2,sediment,September,2020,22.09.20,266,precipitation,31.5,7.85,autumn,t4,year3,autumn_year3,t4_year3,61465
X68XNORW1X220920,X68XNORW1X220920,in,Nordstrand,nor,norw1,water,September,2020,22.09.20,266,precipitation,31.5,7.85,autumn,t4,year3,autumn_year3,t4_year3,16413
X71XHEI1X021020,X71XHEI1X021020,in,Heiligenhafen,hei,hei1,alga,October,2020,02.10.20,276,precipitation,15,7.14,autumn,t4,year3,autumn_year3,t4_year3,136214
X72XHEI2X021020,X72XHEI2X021020,in,Heiligenhafen,hei,hei2,alga,October,2020,02.10.20,276,precipitation,15,7.14,autumn,t4,year3,autumn_year3,t4_year3,234091
X73XHEI3X021020,X73XHEI3X021020,in,Heiligenhafen,hei,hei3,alga,October,2020,02.10.20,276,precipitation,15,7.14,autumn,t4,year3,autumn_year3,t4_year3,194049
X74XHEI4X021020,X74XHEI4X021020,in,Heiligenhafen,hei,hei4,alga,October,2020,02.10.20,276,precipitation,15,7.14,autumn,t4,year3,autumn_year3,t4_year3,31356
X75XHEI5X021020,X75XHEI5X021020,in,Heiligenhafen,hei,hei5,alga,October,2020,02.10.20,276,precipitation,15,7.14,autumn,t4,year3,autumn_year3,t4_year3,224442
X76XHEIS1X021020,X76XHEIS1X021020,in,Heiligenhafen,hei,heis1,sediment,October,2020,02.10.20,276,precipitation,15,7.14,autumn,t4,year3,autumn_year3,t4_year3,105205
X77XHEIS2X021020,X77XHEIS2X021020,in,Heiligenhafen,hei,heis2,sediment,October,2020,02.10.20,276,precipitation,15,7.14,autumn,t4,year3,autumn_year3,t4_year3,72654
X81XNOR1X191120,X81XNOR1X191120,in,Nordstrand,nor,nor1,alga,November,2020,19.11.20,324,precipitation,26.7,8.1,autumn,t5,year3,autumn_year3,t5_year3,97578
X82XNOR2X191120,X82XNOR2X191120,in,Nordstrand,nor,nor2,alga,November,2020,19.11.20,324,precipitation,26.7,8.1,autumn,t5,year3,autumn_year3,t5_year3,168730
X83XNOR3X191120,X83XNOR3X191120,in,Nordstrand,nor,nor3,alga,November,2020,19.11.20,324,precipitation,26.7,8.1,autumn,t5,year3,autumn_year3,t5_year3,17252
X84XNOR4X191120,X84XNOR4X191120,in,Nordstrand,nor,nor4,alga,November,2020,19.11.20,324,precipitation,26.7,8.1,autumn,t5,year3,autumn_year3,t5_year3,28628
X85XNOR5X191120,X85XNOR5X191120,in,Nordstrand,nor,nor5,alga,November,2020,19.11.20,324,precipitation,26.7,8.1,autumn,t5,year3,autumn_year3,t5_year3,151240
X86XNORS1X191120,X86XNORS1X191120,in,Nordstrand,nor,nors1,sediment,November,2020,19.11.20,324,precipitation,26.7,8.1,autumn,t5,year3,autumn_year3,t5_year3,6578
X87XNORS2X191120,X87XNORS2X191120,in,Nordstrand,nor,nors2,sediment,November,2020,19.11.20,324,precipitation,26.7,8.1,autumn,t5,year3,autumn_year3,t5_year3,15670
X91XHEI1X271120,X91XHEI1X271120,in,Heiligenhafen,hei,hei1,alga,November,2020,27.11.20,332,precipitation,17.1,7.23,autumn,t5,year3,autumn_year3,t5_year3,80251
X92XHEI2X271120,X92XHEI2X271120,in,Heiligenhafen,hei,hei2,alga,November,2020,27.11.20,332,precipitation,17.1,7.23,autumn,t5,year3,autumn_year3,t5_year3,76362
X93XHEI3X271120,X93XHEI3X271120,in,Heiligenhafen,hei,hei3,alga,November,2020,27.11.20,332,precipitation,17.1,7.23,autumn,t5,year3,autumn_year3,t5_year3,6866
X94XHEI4X271120,X94XHEI4X271120,in,Heiligenhafen,hei,hei4,alga,November,2020,27.11.20,332,precipitation,17.1,7.23,autumn,t5,year3,autumn_year3,t5_year3,2878
X95XHEI5X271120,X95XHEI5X271120,in,Heiligenhafen,hei,hei5,alga,November,2020,27.11.20,332,precipitation,17.1,7.23,autumn,t5,year3,autumn_year3,t5_year3,111854
X96XHEIS1X271120,X96XHEIS1X271120,in,Heiligenhafen,hei,heis1,sediment,November,2020,27.11.20,332,precipitation,17.1,7.23,autumn,t5,year3,autumn_year3,t5_year3,15370
X97XHEIS2X271120,X97XHEIS2X271120,in,Heiligenhafen,hei,heis2,sediment,November,2020,27.11.20,332,precipitation,17.1,7.23,autumn,t5,year3,autumn_year3,t5_year3,70369
X98XHEIW1X271120,X98XHEIW1X271120,in,Heiligenhafen,hei,heiw1,water,November,2020,27.11.20,332,precipitation,17.1,7.23,autumn,t5,year3,autumn_year3,t5_year3,2403
X99XHEIW2X271120,X99XHEIW2X271120,in,Heiligenhafen,hei,heiw2,water,November,2020,27.11.20,332,precipitation,17.1,7.23,autumn,t5,year3,autumn_year3,t5_year3,12420
AHFDT3X49,AHFDT3X49,in,Heiligenhafen,hei,hei1,alga,June,2018,28.06.18,179,filtering,12,5.3,summer,t3,year1,summer_year1,t3_year1,41209
AHFDT3X53,AHFDT3X53,in,Heiligenhafen,hei,hei10,alga,June,2018,28.06.18,179,filtering,12,5.3,summer,t3,year1,summer_year1,t3_year1,2098
AHFNAT5X79,AHFNAT5X79,in,Heiligenhafen,hei,hei1,alga,October,2018,15.10.18,288,filtering,18,NA,autumn,t5,year1,autumn_year1,t5_year1,8073
AHFNAT5X80,AHFNAT5X80,in,Heiligenhafen,hei,hei2,alga,October,2018,15.10.18,288,filtering,18,NA,autumn,t5,year1,autumn_year1,t5_year1,7897
AHFNAT5X81,AHFNAT5X81,in,Heiligenhafen,hei,hei3,alga,October,2018,15.10.18,288,filtering,18,NA,autumn,t5,year1,autumn_year1,t5_year1,78322
AHFNAT5X82,AHFNAT5X82,in,Heiligenhafen,hei,hei4,alga,October,2018,15.10.18,288,filtering,18,NA,autumn,t5,year1,autumn_year1,t5_year1,45686
AHFNAT5X83,AHFNAT5X83,in,Heiligenhafen,hei,hei5,alga,October,2018,15.10.18,288,filtering,18,NA,autumn,t5,year1,autumn_year1,t5_year1,4707
AHFNAT6X100,AHFNAT6X100,in,Heiligenhafen,hei,hei2,alga,December,2018,11.12.18,345,filtering,16,8,winter,t6,year1,winter_year1,t6_year1,94833
AHFNAT6X101,AHFNAT6X101,in,Heiligenhafen,hei,hei3,alga,December,2018,11.12.18,345,filtering,16,8,winter,t6,year1,winter_year1,t6_year1,51562
AHFNAT6X102,AHFNAT6X102,in,Heiligenhafen,hei,hei4,alga,December,2018,11.12.18,345,filtering,16,8,winter,t6,year1,winter_year1,t6_year1,37764
AHFNAT6X103,AHFNAT6X103,in,Heiligenhafen,hei,hei5,alga,December,2018,11.12.18,345,filtering,16,8,winter,t6,year1,winter_year1,t6_year1,129337
AHFNAT6X99,AHFNAT6X99,in,Heiligenhafen,hei,hei1,alga,December,2018,11.12.18,345,filtering,16,8,winter,t6,year1,winter_year1,t6_year1,8695
AHFVT1X1,AHFVT1X1,in,Heiligenhafen,hei,hei1,alga,February,2018,06.02.18,37,filtering,14,7.9,winter,t1,year1,winter_year1,t1_year1,7825
AHFVT1X2,AHFVT1X2,in,Heiligenhafen,hei,hei2,alga,February,2018,06.02.18,37,filtering,14,7.9,winter,t1,year1,winter_year1,t1_year1,3729
AHFVT1X3,AHFVT1X3,in,Heiligenhafen,hei,hei3,alga,February,2018,06.02.18,37,filtering,14,7.9,winter,t1,year1,winter_year1,t1_year1,2184
AHFVT1X4,AHFVT1X4,in,Heiligenhafen,hei,hei4,alga,February,2018,06.02.18,37,filtering,14,7.9,winter,t1,year1,winter_year1,t1_year1,7885
AHFVT1X5X2,AHFVT1X5X1,in,Heiligenhafen,hei,hei5,alga,February,2018,06.02.18,37,filtering,14,7.9,winter,t1,year1,winter_year1,t1_year1,21965
AHFVT2X29,AHFVT2X29,in,Heiligenhafen,hei,hei1,alga,April,2018,25.04.18,115,filtering,11,8.42,spring,t2,year1,spring_year1,t2_year1,48647
AHFVT2X30,AHFVT2X30,in,Heiligenhafen,hei,hei2,alga,April,2018,25.04.18,115,filtering,11,8.42,spring,t2,year1,spring_year1,t2_year1,24742
AHFVT2X31,AHFVT2X31,in,Heiligenhafen,hei,hei3,alga,April,2018,25.04.18,115,filtering,11,8.42,spring,t2,year1,spring_year1,t2_year1,5513
AHFVT2X32,AHFVT2X32,in,Heiligenhafen,hei,hei4,alga,April,2018,25.04.18,115,filtering,11,8.42,spring,t2,year1,spring_year1,t2_year1,1631
AHFVT2X33,AHFVT2X33,in,Heiligenhafen,hei,hei5,alga,April,2018,25.04.18,115,filtering,11,8.42,spring,t2,year1,spring_year1,t2_year1,14846
AHFVT3X50,AHFVT3X50,in,Heiligenhafen,hei,hei7,alga,June,2018,28.06.18,179,filtering,12,5.3,summer,t3,year1,summer_year1,t3_year1,12202
AHFVT3X51,AHFVT3X51,in,Heiligenhafen,hei,hei8,alga,June,2018,28.06.18,179,filtering,12,5.3,summer,t3,year1,summer_year1,t3_year1,5870
AHFVT3X52,AHFVT3X52,in,Heiligenhafen,hei,hei9,alga,June,2018,28.06.18,179,filtering,12,5.3,summer,t3,year1,summer_year1,t3_year1,55623
AHFVT4X59,AHFVT4X59,in,Heiligenhafen,hei,hei1,alga,August,2018,23.08.18,235,filtering,12,9,summer,t4,year1,summer_year1,t4_year1,3951
AHFVT4X61,AHFVT4X61,in,Heiligenhafen,hei,hei3,alga,August,2018,23.08.18,235,filtering,12,9,summer,t4,year1,summer_year1,t4_year1,16402
AHFVT4X62,AHFVT4X62,in,Heiligenhafen,hei,hei4,alga,August,2018,23.08.18,235,filtering,12,9,summer,t4,year1,summer_year1,t4_year1,43984
AHFVT4X63,AHFVT4X63,in,Heiligenhafen,hei,hei5,alga,August,2018,23.08.18,235,filtering,12,9,summer,t4,year1,summer_year1,t4_year1,1476
AHPNAT10X169,AHPNAT10X169,in,Heiligenhafen,hei,hei1,alga,September,2019,04.09.19,247,precipitation,14.8,8.4,autumn,t4,year2,autumn_year2,t4_year2,181602
AHPNAT10X170,AHPNAT10X170,in,Heiligenhafen,hei,hei2,alga,September,2019,04.09.19,247,precipitation,14.8,8.4,autumn,t4,year2,autumn_year2,t4_year2,129239
AHPNAT10X171,AHPNAT10X171,in,Heiligenhafen,hei,hei3,alga,September,2019,04.09.19,247,precipitation,14.8,8.4,autumn,t4,year2,autumn_year2,t4_year2,80045
AHPNAT10X172,AHPNAT10X172,in,Heiligenhafen,hei,hei4,alga,September,2019,04.09.19,247,precipitation,14.8,8.4,autumn,t4,year2,autumn_year2,t4_year2,112554
AHPNAT10X173,AHPNAT10X173,in,Heiligenhafen,hei,hei5,alga,September,2019,04.09.19,247,precipitation,14.8,8.4,autumn,t4,year2,autumn_year2,t4_year2,103859
AHPNAT11X188X2,AHPNAT11X188X1,in,Heiligenhafen,hei,hei1,alga,November,2019,09.11.19,313,precipitation,17,7.7,autumn,t5,year2,autumn_year2,t5_year2,30425
AHPNAT11X189,AHPNAT11X189,in,Heiligenhafen,hei,hei2,alga,November,2019,09.11.19,313,precipitation,17,7.7,autumn,t5,year2,autumn_year2,t5_year2,115669
AHPNAT11X190,AHPNAT11X190,in,Heiligenhafen,hei,hei3,alga,November,2019,09.11.19,313,precipitation,17,7.7,autumn,t5,year2,autumn_year2,t5_year2,92059
AHPNAT11X191,AHPNAT11X191,in,Heiligenhafen,hei,hei4,alga,November,2019,09.11.19,313,precipitation,17,7.7,autumn,t5,year2,autumn_year2,t5_year2,26447
AHPNAT11X192,AHPNAT11X192,in,Heiligenhafen,hei,hei5,alga,November,2019,09.11.19,313,precipitation,17,7.7,autumn,t5,year2,autumn_year2,t5_year2,104303
AHPNAT12X216,AHPNAT12X216,in,Heiligenhafen,hei,hei3,alga,December,2019,19.12.19,353,precipitation,16.1,7.41,winter,t6,year2,winter_year2,t6_year2,26490
AHPNAT12X217,AHPNAT12X217,in,Heiligenhafen,hei,hei4,alga,December,2019,19.12.19,353,precipitation,16.1,7.41,winter,t6,year2,winter_year2,t6_year2,19283
AHPNAT12X218,AHPNAT12X218,in,Heiligenhafen,hei,hei5,alga,December,2019,19.12.19,353,precipitation,16.1,7.41,winter,t6,year2,winter_year2,t6_year2,10153
AHPNAT7X116,AHPNAT7X116,in,Heiligenhafen,hei,hei1,alga,February,2019,26.02.19,57,precipitation,15.8,8.11,winter,t1,year2,winter_year2,t1_year2,52918
AHPNAT7X117,AHPNAT7X117,in,Heiligenhafen,hei,hei2,alga,February,2019,26.02.19,57,precipitation,15.8,8.11,winter,t1,year2,winter_year2,t1_year2,14841
AHPNAT7X118,AHPNAT7X118,in,Heiligenhafen,hei,hei3,alga,February,2019,26.02.19,57,precipitation,15.8,8.11,winter,t1,year2,winter_year2,t1_year2,11048
AHPNAT7X119,AHPNAT7X119,in,Heiligenhafen,hei,hei4,alga,February,2019,26.02.19,57,precipitation,15.8,8.11,winter,t1,year2,winter_year2,t1_year2,58381
AHPNAT7X120X2,AHPNAT7X120X1,in,Heiligenhafen,hei,hei5,alga,February,2019,26.02.19,57,precipitation,15.8,8.11,winter,t1,year2,winter_year2,t1_year2,44069
AHPNAT7X123,AHPNAT7X123,in,Nordstrand,nor,nor1,alga,February,2019,27.02.19,58,precipitation,28.2,8.15,winter,t1,year2,winter_year2,t1_year2,12952
AHPNAT7X124,AHPNAT7X124,in,Nordstrand,nor,nor2,alga,February,2019,27.02.19,58,precipitation,28.2,8.15,winter,t1,year2,winter_year2,t1_year2,86582
AHPNAT7X125,AHPNAT7X125,in,Nordstrand,nor,nor3,alga,February,2019,27.02.19,58,precipitation,28.2,8.15,winter,t1,year2,winter_year2,t1_year2,147976
AHPNAT7X126X2,AHPNAT7X126X1,in,Nordstrand,nor,nor4,alga,February,2019,27.02.19,58,precipitation,28.2,8.15,winter,t1,year2,winter_year2,t1_year2,12505
AHPNAT7X127,AHPNAT7X127X1,in,Nordstrand,nor,nor5,alga,February,2019,27.02.19,58,precipitation,28.2,8.15,winter,t1,year2,winter_year2,t1_year2,49338
AHPNAT8X131X2,AHPNAT8X131X1,in,Heiligenhafen,hei,hei1,alga,May,2019,01.05.19,121,precipitation,14.4,8.03,spring,t2,year2,spring_year2,t2_year2,50624
AHPNAT8X132X2,AHPNAT8X132X1,in,Heiligenhafen,hei,hei2,alga,May,2019,01.05.19,121,precipitation,14.4,8.03,spring,t2,year2,spring_year2,t2_year2,58353
AHPNAT8X134X2,AHPNAT8X134X1,in,Heiligenhafen,hei,hei4,alga,May,2019,01.05.19,121,precipitation,14.4,8.03,spring,t2,year2,spring_year2,t2_year2,62943
AHPNAT8X135X2,AHPNAT8X135X1,in,Heiligenhafen,hei,hei5,alga,May,2019,01.05.19,121,precipitation,14.4,8.03,spring,t2,year2,spring_year2,t2_year2,60873
AHPNAT9X150,AHPNAT9X150,in,Heiligenhafen,hei,hei1,alga,June,2019,26.06.19,177,precipitation,12.8,8.4,summer,t3,year2,summer_year2,t3_year2,87211
AHPNAT9X151,AHPNAT9X151,in,Heiligenhafen,hei,hei2,alga,June,2019,26.06.19,177,precipitation,12.8,8.4,summer,t3,year2,summer_year2,t3_year2,10579
AHPNAT9X152,AHPNAT9X152,in,Heiligenhafen,hei,hei3,alga,June,2019,26.06.19,177,precipitation,12.8,8.4,summer,t3,year2,summer_year2,t3_year2,262675
AHPNAT9X153,AHPNAT9X153,in,Heiligenhafen,hei,hei4,alga,June,2019,26.06.19,177,precipitation,12.8,8.4,summer,t3,year2,summer_year2,t3_year2,179355
AHPNAT9X154,AHPNAT9X154,in,Heiligenhafen,hei,hei5,alga,June,2019,26.06.19,177,precipitation,12.8,8.4,summer,t3,year2,summer_year2,t3_year2,122956
ANFDT3X39,ANFDT3X39,in,Nordstrand,nor,nor5,alga,June,2018,27.06.18,178,filtering,31,7.7,summer,t3,year1,summer_year1,t3_year1,1087
ANFDT4X70X2,ANFDT4X70X1,in,Nordstrand,nor,nor2,alga,August,2018,24.08.18,236,filtering,32,7.5,summer,t4,year1,summer_year1,t4_year1,21605
ANFDT4X71,ANFDT4X71,in,Nordstrand,nor,nor3,alga,August,2018,24.08.18,236,filtering,32,7.5,summer,t4,year1,summer_year1,t4_year1,74151
ANFFT3X40,ANFFT3X40,in,Nordstrand,nor,nor9,alga,June,2018,27.06.18,178,filtering,31,7.7,summer,t3,year1,summer_year1,t3_year1,2929
ANFFT3X41,ANFFT3X41,in,Nordstrand,nor,nor11,alga,June,2018,27.06.18,178,filtering,31,7.7,summer,t3,year1,summer_year1,t3_year1,8164
ANFFT4X69,ANFFT4X69,in,Nordstrand,nor,nor1,alga,August,2018,24.08.18,236,filtering,32,7.5,summer,t4,year1,summer_year1,t4_year1,2207
ANFFT4X72,ANFFT4X72,in,Nordstrand,nor,nor4,alga,August,2018,24.08.18,236,filtering,32,7.5,summer,t4,year1,summer_year1,t4_year1,1487
ANFFT4X73,ANFFT4X73,in,Nordstrand,nor,nor5,alga,August,2018,24.08.18,236,filtering,32,7.5,summer,t4,year1,summer_year1,t4_year1,4688
ANFMT3X42,ANFMT3X42,in,Nordstrand,nor,nor12,alga,June,2018,27.06.18,178,filtering,31,7.7,summer,t3,year1,summer_year1,t3_year1,21898
ANFNAT3X43,ANFNAT3X43,in,Nordstrand,nor,nor14,alga,June,2018,27.06.18,178,filtering,31,7.7,summer,t3,year1,summer_year1,t3_year1,1409
ANFNAT5X89,ANFNAT5X89,in,Nordstrand,nor,nor1,alga,October,2018,16.10.18,289,filtering,32.3,NA,autumn,t5,year1,autumn_year1,t5_year1,44603
ANFNAT5X90X2,ANFNAT5X90X1,in,Nordstrand,nor,nor2,alga,October,2018,16.10.18,289,filtering,32.3,NA,autumn,t5,year1,autumn_year1,t5_year1,77599
ANFNAT5X91X2,ANFNAT5X91X1,in,Nordstrand,nor,nor3,alga,October,2018,16.10.18,289,filtering,32.3,NA,autumn,t5,year1,autumn_year1,t5_year1,67573
ANFNAT5X92X2,ANFNAT5X92X1,in,Nordstrand,nor,nor4,alga,October,2018,16.10.18,289,filtering,32.3,NA,autumn,t5,year1,autumn_year1,t5_year1,32555
ANFNAT5X93X2,ANFNAT5X93X1,in,Nordstrand,nor,nor5,alga,October,2018,16.10.18,289,filtering,32.3,NA,autumn,t5,year1,autumn_year1,t5_year1,98609
ANFNAT6X107X2,ANFNAT6X107X1,in,Nordstrand,nor,nor1,alga,December,2018,12.12.18,346,filtering,27.9,7.9,winter,t6,year1,winter_year1,t6_year1,41124
ANFNAT6X108X2,ANFNAT6X108X1,in,Nordstrand,nor,nor2,alga,December,2018,12.12.18,346,filtering,27.9,7.9,winter,t6,year1,winter_year1,t6_year1,17598
ANFNAT6X109X2,ANFNAT6X109X1,in,Nordstrand,nor,nor3,alga,December,2018,12.12.18,346,filtering,27.9,7.9,winter,t6,year1,winter_year1,t6_year1,22029
ANFNAT6X110X2,ANFNAT6X110X1,in,Nordstrand,nor,nor4,alga,December,2018,12.12.18,346,filtering,27.9,7.9,winter,t6,year1,winter_year1,t6_year1,21993
ANFNAT6X111X2,ANFNAT6X111X1,in,Nordstrand,nor,nor5,alga,December,2018,12.12.18,346,filtering,27.9,7.9,winter,t6,year1,winter_year1,t6_year1,3421
ANFVT1X11X2,ANFVT1X11X1,in,Nordstrand,nor,nor1,alga,February,2018,20.02.18,51,filtering,25,7.69,winter,t1,year1,winter_year1,t1_year1,31303
ANFVT1X14X2,ANFVT1X14X1,in,Nordstrand,nor,nor4,alga,February,2018,20.02.18,51,filtering,25,7.69,winter,t1,year1,winter_year1,t1_year1,13834
ANFVT1X15,ANFVT1X15,in,Nordstrand,nor,nor5,alga,February,2018,20.02.18,51,filtering,25,7.69,winter,t1,year1,winter_year1,t1_year1,6697
ANFVT2X20X2,ANFVT2X20,in,Nordstrand,nor,nor1,alga,April,2018,24.04.18,114,filtering,30,8.56,spring,t2,year1,spring_year1,t2_year1,28403
ANFVT2X21X2,ANFVT2X21X1,in,Nordstrand,nor,nor2,alga,April,2018,24.04.18,114,filtering,30,8.56,spring,t2,year1,spring_year1,t2_year1,79651
ANFVT2X22X2,ANFVT2X22X1,in,Nordstrand,nor,nor3,alga,April,2018,24.04.18,114,filtering,30,8.56,spring,t2,year1,spring_year1,t2_year1,47817
ANFVT2X23X2,ANFVT2X23X1,in,Nordstrand,nor,nor4,alga,April,2018,24.04.18,114,filtering,30,8.56,spring,t2,year1,spring_year1,t2_year1,10395
ANPNAT10X179,ANPNAT10X179,in,Nordstrand,nor,nor1,alga,September,2019,04.09.19,247,precipitation,31.5,8.4,autumn,t4,year2,autumn_year2,t4_year2,92598
ANPNAT10X180,ANPNAT10X180,in,Nordstrand,nor,nor2,alga,September,2019,04.09.19,247,precipitation,31.5,8.4,autumn,t4,year2,autumn_year2,t4_year2,65493
ANPNAT10X181,ANPNAT10X181,in,Nordstrand,nor,nor3,alga,September,2019,04.09.19,247,precipitation,31.5,8.4,autumn,t4,year2,autumn_year2,t4_year2,113145
ANPNAT10X182X2,ANPNAT10X182X1,in,Nordstrand,nor,nor4,alga,September,2019,04.09.19,247,precipitation,31.5,8.4,autumn,t4,year2,autumn_year2,t4_year2,15626
ANPNAT10X183,ANPNAT10X183,in,Nordstrand,nor,nor5,alga,September,2019,04.09.19,247,precipitation,31.5,8.4,autumn,t4,year2,autumn_year2,t4_year2,68812
ANPNAT11X195X2,ANPNAT11X195X1,in,Nordstrand,nor,nor1,alga,November,2019,09.11.19,313,precipitation,27.8,7.99,autumn,t5,year2,autumn_year2,t5_year2,25422
ANPNAT11X196X2,ANPNAT11X196X1,in,Nordstrand,nor,nor2,alga,November,2019,09.11.19,313,precipitation,27.8,7.99,autumn,t5,year2,autumn_year2,t5_year2,31317
ANPNAT11X197X2,ANPNAT11X197X1,in,Nordstrand,nor,nor3,alga,November,2019,09.11.19,313,precipitation,27.8,7.99,autumn,t5,year2,autumn_year2,t5_year2,72248
ANPNAT11X198X2,ANPNAT11X198X1,in,Nordstrand,nor,nor4,alga,November,2019,09.11.19,313,precipitation,27.8,7.99,autumn,t5,year2,autumn_year2,t5_year2,46607
ANPNAT11X199X2,ANPNAT11X199X1,in,Nordstrand,nor,nor5,alga,November,2019,09.11.19,313,precipitation,27.8,7.99,autumn,t5,year2,autumn_year2,t5_year2,14710
ANPNAT12X206,ANPNAT12X206,in,Nordstrand,nor,nor2,alga,December,2019,19.12.19,353,precipitation,26.6,7.52,winter,t6,year2,winter_year2,t6_year2,2233
ANPNAT12X207,ANPNAT12X207,in,Nordstrand,nor,nor3,alga,December,2019,19.12.19,353,precipitation,26.6,7.52,winter,t6,year2,winter_year2,t6_year2,3159
ANPNAT8X140,ANPNAT8X140,in,Nordstrand,nor,nor1,alga,May,2019,01.05.19,121,precipitation,30.1,8.05,spring,t2,year2,spring_year2,t2_year2,59362
ANPNAT8X141,ANPNAT8X141,in,Nordstrand,nor,nor2,alga,May,2019,01.05.19,121,precipitation,30.1,8.05,spring,t2,year2,spring_year2,t2_year2,10225
ANPNAT8X143,ANPNAT8X143,in,Nordstrand,nor,nor4,alga,May,2019,01.05.19,121,precipitation,30.1,8.05,spring,t2,year2,spring_year2,t2_year2,55119
ANPNAT8X144,ANPNAT8X144,in,Nordstrand,nor,nor5,alga,May,2019,01.05.19,121,precipitation,30.1,8.05,spring,t2,year2,spring_year2,t2_year2,180851
ANPNAT9X159,ANPNAT9X159,in,Nordstrand,nor,nor1,alga,June,2019,26.06.19,177,precipitation,31.5,8.7,summer,t3,year2,summer_year2,t3_year2,53075
ANPNAT9X160,ANPNAT9X160,in,Nordstrand,nor,nor2,alga,June,2019,26.06.19,177,precipitation,31.5,8.7,summer,t3,year2,summer_year2,t3_year2,142857
ANPNAT9X162,ANPNAT9X162,in,Nordstrand,nor,nor4,alga,June,2019,26.06.19,177,precipitation,31.5,8.7,summer,t3,year2,summer_year2,t3_year2,95961
ANPNAT9X163,ANPNAT9X163,in,Nordstrand,nor,nor5,alga,June,2019,26.06.19,177,precipitation,31.5,8.7,summer,t3,year2,summer_year2,t3_year2,111795
ANPNAXT9161,ANPNAXT9161,in,Nordstrand,nor,nor3,alga,June,2019,26.06.19,177,precipitation,31.5,8.7,summer,t3,year2,summer_year2,t3_year2,109785
AXHPNAXT12X214,AHPNAT12X214,in,Heiligenhafen,hei,hei1,alga,December,2019,19.12.19,353,precipitation,16.1,7.41,winter,t6,year2,winter_year2,t6_year2,60217
AXHPNAXT12X215,AHPNAT12X215,in,Heiligenhafen,hei,hei2,alga,December,2019,19.12.19,353,precipitation,16.1,7.41,winter,t6,year2,winter_year2,t6_year2,56662
AXNPNAXT12X205,ANPNAT12X205,in,Nordstrand,nor,nor1,alga,December,2019,19.12.19,353,precipitation,26.6,7.52,winter,t6,year2,winter_year2,t6_year2,53778
AXNPNAXT12X208,ANPNAT12X208,in,Nordstrand,nor,nor4,alga,December,2019,19.12.19,353,precipitation,26.6,7.52,winter,t6,year2,winter_year2,t6_year2,47324
AXNPNAXT12X209,ANPNAT12X209,in,Nordstrand,nor,nor5,alga,December,2019,19.12.19,353,precipitation,26.6,7.52,winter,t6,year2,winter_year2,t6_year2,23854
SHFDT3X54,SHFDT3X54,in,Heiligenhafen,hei,heis1,sediment,June,2018,28.06.18,179,filtering,12,5.3,summer,t3,year1,summer_year1,t3_year1,7624
SHFNAT5X84,SHFNAT5X84,in,Heiligenhafen,hei,heis1,sediment,October,2018,15.10.18,288,filtering,18,NA,autumn,t5,year1,autumn_year1,t5_year1,102557
SHFNAT5X85,SHFNAT5X85,in,Heiligenhafen,hei,heis2,sediment,October,2018,15.10.18,288,filtering,18,NA,autumn,t5,year1,autumn_year1,t5_year1,85574
SHFVT1X7,SHFVT1X7,in,Heiligenhafen,hei,heis2,sediment,February,2018,06.02.18,37,filtering,14,7.9,winter,t1,year1,winter_year1,t1_year1,1963
SHFVT2X34,SHFVT2X34,in,Heiligenhafen,hei,heis1,sediment,April,2018,25.04.18,115,filtering,11,8.42,spring,t2,year1,spring_year1,t2_year1,18313
SHFVT2X35,SHFVT2X35,in,Heiligenhafen,hei,heis2,sediment,April,2018,25.04.18,115,filtering,11,8.42,spring,t2,year1,spring_year1,t2_year1,39793
SHFVT3X55,SHFVT3X55,in,Heiligenhafen,hei,heis2,sediment,June,2018,28.06.18,179,filtering,12,5.3,summer,t3,year1,summer_year1,t3_year1,6573
SHFVT4X64,SHFVT4X64,in,Heiligenhafen,hei,heis1,sediment,August,2018,23.08.18,235,filtering,12,9,summer,t4,year1,summer_year1,t4_year1,7927
SHFVT4X65,SHFVT4X65,in,Heiligenhafen,hei,heis2,sediment,August,2018,23.08.18,235,filtering,12,9,summer,t4,year1,summer_year1,t4_year1,86212
SHPNAT10X174,SHPNAT10X174,in,Heiligenhafen,hei,heis1,sediment,September,2019,04.09.19,247,precipitation,14.8,8.4,autumn,t4,year2,autumn_year2,t4_year2,121351
SHPNAT10X175X2,SHPNAT10X175X1,in,Heiligenhafen,hei,heis2,sediment,September,2019,04.09.19,247,precipitation,14.8,8.4,autumn,t4,year2,autumn_year2,t4_year2,17163
SHPNAT12X219,SHPNAT12X219,in,Heiligenhafen,hei,heis1,sediment,December,2019,19.12.19,353,precipitation,16.1,7.41,winter,t6,year2,winter_year2,t6_year2,43638
SHPNAT12X220,SHPNAT12X220,in,Heiligenhafen,hei,heis2,sediment,December,2019,19.12.19,353,precipitation,16.1,7.41,winter,t6,year2,winter_year2,t6_year2,9927
SHPNAT7X121,SHPNAT7X121,in,Heiligenhafen,hei,heis1,sediment,February,2019,26.02.19,57,precipitation,15.8,8.11,winter,t1,year2,winter_year2,t1_year2,1985
SHPNAT7X122,SHPNAT7X122,in,Heiligenhafen,hei,heis2,sediment,February,2019,26.02.19,57,precipitation,15.8,8.11,winter,t1,year2,winter_year2,t1_year2,88347
SHPNAT8X136X2,SHPNAT8X136X1,in,Heiligenhafen,hei,heis1,sediment,May,2019,01.05.19,121,precipitation,14.4,8.03,spring,t2,year2,spring_year2,t2_year2,65656
SHPNAT8X137X2,SHPNAT8X137X1,in,Heiligenhafen,hei,heis2,sediment,May,2019,01.05.19,121,precipitation,14.4,8.03,spring,t2,year2,spring_year2,t2_year2,60886
SHPNAT9X155,SHPNAT9X155,in,Heiligenhafen,hei,heis1,sediment,June,2019,26.06.19,177,precipitation,12.8,8.4,summer,t3,year2,summer_year2,t3_year2,121238
SHPNAT9X156,SHPNAT9X156,in,Heiligenhafen,hei,heis2,sediment,June,2019,26.06.19,177,precipitation,12.8,8.4,summer,t3,year2,summer_year2,t3_year2,107874
SNFDT3X44,SNFDT3X44,in,Nordstrand,nor,nors1,sediment,June,2018,27.06.18,178,filtering,31,7.7,summer,t3,year1,summer_year1,t3_year1,5522
SNFDT4X75,SNFDT4X75,in,Nordstrand,nor,nors2,sediment,August,2018,24.08.18,236,filtering,32,7.5,summer,t4,year1,summer_year1,t4_year1,68669
SNFFT4X74,SNFFT4X74,in,Nordstrand,nor,nors1,sediment,August,2018,24.08.18,236,filtering,32,7.5,summer,t4,year1,summer_year1,t4_year1,100759
SNFMT3X45,SNFMT3X45,in,Nordstrand,nor,nors2,sediment,June,2018,27.06.18,178,filtering,31,7.7,summer,t3,year1,summer_year1,t3_year1,29804
SNFNAT5X94X2,SNFNAT5X94X1,in,Nordstrand,nor,nors1,sediment,October,2018,16.10.18,289,filtering,32.3,NA,autumn,t5,year1,autumn_year1,t5_year1,54199
SNFNAT5X95X2,SNFNAT5X95X1,in,Nordstrand,nor,nors2,sediment,October,2018,16.10.18,289,filtering,32.3,NA,autumn,t5,year1,autumn_year1,t5_year1,62035
SNFNAT6X112,SNFNAT6X112,in,Nordstrand,nor,nors1,sediment,December,2018,12.12.18,346,filtering,27.9,7.9,winter,t6,year1,winter_year1,t6_year1,16340
SNFNAT6X113,SNFNAT6X113,in,Nordstrand,nor,nors2,sediment,December,2018,12.12.18,346,filtering,27.9,7.9,winter,t6,year1,winter_year1,t6_year1,54494
SNFVT1X17,SNFVT1X17,in,Nordstrand,nor,nors2,sediment,February,2018,20.02.18,51,filtering,25,7.69,winter,t1,year1,winter_year1,t1_year1,50484
SNFVT2X25,SNFVT2X25,in,Nordstrand,nor,nors1,sediment,April,2018,24.04.18,114,filtering,30,8.56,spring,t2,year1,spring_year1,t2_year1,12549
SNFVT2X26,SNFVT2X26,in,Nordstrand,nor,nors2,sediment,April,2018,24.04.18,114,filtering,30,8.56,spring,t2,year1,spring_year1,t2_year1,18339
SNPNAT10X184,SNPNAT10X184,in,Nordstrand,nor,nors1,sediment,September,2019,04.09.19,247,precipitation,31.5,8.4,autumn,t4,year2,autumn_year2,t4_year2,109592
SNPNAT10X185,SNPNAT10X185,in,Nordstrand,nor,nors2,sediment,September,2019,04.09.19,247,precipitation,31.5,8.4,autumn,t4,year2,autumn_year2,t4_year2,142429
SNPNAT11X200,SNPNAT11X200,in,Nordstrand,nor,nors1,sediment,November,2019,09.11.19,313,precipitation,27.8,7.99,autumn,t5,year2,autumn_year2,t5_year2,22750
SNPNAT11X201,SNPNAT11X201,in,Nordstrand,nor,nors2,sediment,November,2019,09.11.19,313,precipitation,27.8,7.99,autumn,t5,year2,autumn_year2,t5_year2,21536
SNPNAT12X210,SNPNAT12X210,in,Nordstrand,nor,nors1,sediment,December,2019,19.12.19,353,precipitation,26.6,7.52,winter,t6,year2,winter_year2,t6_year2,1409
SNPNAT12X211,SNPNAT12X211,in,Nordstrand,nor,nors2,sediment,December,2019,19.12.19,353,precipitation,26.6,7.52,winter,t6,year2,winter_year2,t6_year2,9445
SNPNAT7X128,SNPNAT7X128,in,Nordstrand,nor,nors1,sediment,February,2019,27.02.19,58,precipitation,28.2,8.15,winter,t1,year2,winter_year2,t1_year2,5924
SNPNAT7X129,SNPNAT7X129,in,Nordstrand,nor,nors2,sediment,February,2019,27.02.19,58,precipitation,28.2,8.15,winter,t1,year2,winter_year2,t1_year2,97713
SNPNAT8X145X2,SNPNAT8X145X1,in,Nordstrand,nor,nors1,sediment,May,2019,01.05.19,121,precipitation,30.1,8.05,spring,t2,year2,spring_year2,t2_year2,28075
SNPNAT8X146,SNPNAT8X146,in,Nordstrand,nor,nors2,sediment,May,2019,01.05.19,121,precipitation,30.1,8.05,spring,t2,year2,spring_year2,t2_year2,114066
SNPNAT9X164,SNPNAT9X164,in,Nordstrand,nor,nors1,sediment,June,2019,26.06.19,177,precipitation,31.5,8.7,summer,t3,year2,summer_year2,t3_year2,142533
SNPNAT9X165,SNPNAT9X165,in,Nordstrand,nor,nors2,sediment,June,2019,26.06.19,177,precipitation,31.5,8.7,summer,t3,year2,summer_year2,t3_year2,3469
WHFNAT5X87,WHFNAT5X87,in,Heiligenhafen,hei,heiw2,water,October,2018,15.10.18,288,filtering,18,NA,autumn,t5,year1,autumn_year1,t5_year1,1245
WHFNAT6X104,WHFNAT6X104,in,Heiligenhafen,hei,heiw1,water,December,2018,11.12.18,345,filtering,16,8,winter,t6,year1,winter_year1,t6_year1,2259
WHFNAT6X105,WHFNAT6X105,in,Heiligenhafen,hei,heiw2,water,December,2018,11.12.18,345,filtering,16,8,winter,t6,year1,winter_year1,t6_year1,2550
WHFVT2X36,WHFVT2X36,in,Heiligenhafen,hei,heiw1,water,April,2018,25.04.18,115,filtering,11,8.42,spring,t2,year1,spring_year1,t2_year1,17895
WHFVT2X37,WHFVT2X37,in,Heiligenhafen,hei,heiw2,water,April,2018,25.04.18,115,filtering,11,8.42,spring,t2,year1,spring_year1,t2_year1,55198
WHFVT3X56,WHFVT3X56,in,Heiligenhafen,hei,heiw1,water,June,2018,28.06.18,179,filtering,12,5.3,summer,t3,year1,summer_year1,t3_year1,18244
WHFVT3X57,WHFVT3X57,in,Heiligenhafen,hei,heiw2,water,June,2018,28.06.18,179,filtering,12,5.3,summer,t3,year1,summer_year1,t3_year1,1129
WHFVT4X66,WHFVT4X66,in,Heiligenhafen,hei,heiw1,water,August,2018,23.08.18,235,filtering,12,9,summer,t4,year1,summer_year1,t4_year1,26247
WHFVT4X67,WHFVT4X67,in,Heiligenhafen,hei,heiw2,water,August,2018,23.08.18,235,filtering,12,9,summer,t4,year1,summer_year1,t4_year1,21224
WHPNAT10X176,WHPNAT10X176,in,Heiligenhafen,hei,heiw1,water,September,2019,04.09.19,247,precipitation,14.8,8.4,autumn,t4,year2,autumn_year2,t4_year2,17506
WHPNAT10X177,WHPNAT10X177,in,Heiligenhafen,hei,heiw2,water,September,2019,04.09.19,247,precipitation,14.8,8.4,autumn,t4,year2,autumn_year2,t4_year2,32490
WHPNAT8X138,WHPNAT8X138,in,Heiligenhafen,hei,heiw1,water,May,2019,01.05.19,121,precipitation,14.4,8.03,spring,t2,year2,spring_year2,t2_year2,2599
WHPNAT9X157,WHPNAT9X157,in,Heiligenhafen,hei,heiw1,water,June,2019,26.06.19,177,precipitation,12.8,8.4,summer,t3,year2,summer_year2,t3_year2,2801
WHPNAT9X158,WHPNAT9X158,in,Heiligenhafen,hei,heiw2,water,June,2019,26.06.19,177,precipitation,12.8,8.4,summer,t3,year2,summer_year2,t3_year2,3718
WNFNAT6X114,WNFNAT6X114,in,Nordstrand,nor,norw1,water,December,2018,12.12.18,346,filtering,27.9,7.9,winter,t6,year1,winter_year1,t6_year1,1489
WNFNAT6X115,WNFNAT6X115,in,Nordstrand,nor,norw2,water,December,2018,12.12.18,346,filtering,27.9,7.9,winter,t6,year1,winter_year1,t6_year1,2179
WNFVT2X27,WNFVT2X27,in,Nordstrand,nor,norw1,water,April,2018,24.04.18,114,filtering,30,8.56,spring,t2,year1,spring_year1,t2_year1,1864
WNFVT2X28,WNFVT2X28,in,Nordstrand,nor,norw2,water,April,2018,24.04.18,114,filtering,30,8.56,spring,t2,year1,spring_year1,t2_year1,1351
WNPNAT10X186,WNPNAT10X186,in,Nordstrand,nor,norw1,water,September,2019,04.09.19,247,precipitation,31.5,8.4,autumn,t4,year2,autumn_year2,t4_year2,6302
WNPNAT10X187,WNPNAT10X187,in,Nordstrand,nor,norw2,water,September,2019,04.09.19,247,precipitation,31.5,8.4,autumn,t4,year2,autumn_year2,t4_year2,2820
WNPNAT8X147,WNPNAT8X147,in,Nordstrand,nor,norw1,water,May,2019,01.05.19,121,precipitation,30.1,8.05,spring,t2,year2,spring_year2,t2_year2,4273
WNPNAT8X148,WNPNAT8X148,in,Nordstrand,nor,norw2,water,May,2019,01.05.19,121,precipitation,30.1,8.05,spring,t2,year2,spring_year2,t2_year2,1471
WNPNAT9X166,WNPNAT9X166,in,Nordstrand,nor,norw1,water,June,2019,26.06.19,177,precipitation,31.5,8.7,summer,t3,year2,summer_year2,t3_year2,3170
WNPNAT9X167,WNPNAT9X167,in,Nordstrand,nor,norw2,water,June,2019,26.06.19,177,precipitation,31.5,8.7,summer,t3,year2,summer_year2,t3_year2,1415
